BBG000B9XRY4;2022-01-05T04:00:00Z;179.39;179.32;179.39;179.32;22;
BBG000B9XRY4;2022-01-05T04:01:00Z;179.33;179.39;179.39;179.32;14;
BBG000B9XRY4;2022-01-05T04:02:00Z;179.32;179.33;179.39;179.32;32;
BBG000B9XRY4;2022-01-05T04:03:00Z;179.33;179.33;179.33;179.33;4;
BBG000B9XRY4;2022-01-05T04:04:00Z;179.32;179.32;179.33;179.32;25;
BBG000B9XRY4;2022-01-05T04:05:00Z;179.3;179.37;179.37;179.3;138;
BBG000B9XRY4;2022-01-05T04:06:00Z;179.36;179.35;179.36;179.35;5;
BBG000B9XRY4;2022-01-05T04:07:00Z;179.35;179.35;179.35;179.35;1;
BBG000B9XRY4;2022-01-05T04:08:00Z;179.35;179.36;179.36;179.21;9;
BBG000B9XRY4;2022-01-05T04:10:00Z;179.37;179.37;179.37;179.37;2;
BBG000B9XRY4;2022-01-05T04:12:00Z;179.3;178.25;179.3;176.24;2553;
BBG000B9XRY4;2022-01-05T04:13:00Z;178.27;178.3;178.59;178.25;160;
BBG000B9XRY4;2022-01-05T04:14:00Z;178.3;178.52;178.52;178.3;121;
BBG000B9XRY4;2022-01-05T04:15:00Z;178.51;178.33;178.51;178.33;30;
BBG000B9XRY4;2022-01-05T04:16:00Z;178.36;178.36;178.48;178.36;14;
BBG000B9XRY4;2022-01-05T04:17:00Z;178.36;178.48;178.48;178.36;203;
BBG000B9XRY4;2022-01-05T04:18:00Z;178.47;178.5;178.5;178.47;48;
BBG000B9XRY4;2022-01-05T04:19:00Z;178.49;178.49;178.5;178.36;267;
BBG000B9XRY4;2022-01-05T04:20:00Z;178.49;178.5;178.5;178.49;99;
BBG000B9XRY4;2022-01-05T04:21:00Z;178.5;178.36;178.5;178.36;34;
BBG000B9XRY4;2022-01-05T04:22:00Z;178.49;178.5;178.5;178.49;68;
BBG000B9XRY4;2022-01-05T04:23:00Z;178.5;178.53;178.53;178.49;94;
BBG000B9XRY4;2022-01-05T04:24:00Z;178.53;178.6;178.6;178.5;49;
BBG000B9XRY4;2022-01-05T04:25:00Z;178.67;178.83;178.85;178.67;395;
BBG000B9XRY4;2022-01-05T04:26:00Z;178.83;178.75;178.83;178.75;18;
BBG000B9XRY4;2022-01-05T04:27:00Z;178.75;178.81;178.81;178.75;6;
BBG000B9XRY4;2022-01-05T04:28:00Z;178.72;178.83;178.83;178.72;18;
BBG000B9XRY4;2022-01-05T04:29:00Z;178.83;178.8;178.83;178.8;7;
BBG000B9XRY4;2022-01-05T04:30:00Z;178.8;178.8;178.8;178.8;3;
BBG000B9XRY4;2022-01-05T04:31:00Z;178.74;178.8;178.85;178.72;96;
BBG000B9XRY4;2022-01-05T04:32:00Z;178.79;178.79;178.79;178.71;19;
BBG000B9XRY4;2022-01-05T04:33:00Z;178.79;178.79;178.79;178.79;7;
BBG000B9XRY4;2022-01-05T04:34:00Z;178.79;178.79;178.79;178.79;1;
BBG000B9XRY4;2022-01-05T04:35:00Z;178.79;178.72;178.79;178.72;8;
BBG000B9XRY4;2022-01-05T04:36:00Z;178.71;178.78;178.78;178.69;28;
BBG000B9XRY4;2022-01-05T04:37:00Z;178.78;178.78;178.78;178.78;1;
BBG000B9XRY4;2022-01-05T04:38:00Z;178.78;178.75;178.79;178.75;108;
BBG000B9XRY4;2022-01-05T04:39:00Z;178.75;178.75;178.75;178.68;14;
BBG000B9XRY4;2022-01-05T04:40:00Z;178.75;178.75;178.75;178.75;5;
BBG000B9XRY4;2022-01-05T04:41:00Z;178.75;178.75;178.75;178.75;1;
BBG000B9XRY4;2022-01-05T04:42:00Z;178.73;178.68;178.73;178.68;6;
BBG000B9XRY4;2022-01-05T04:44:00Z;178.74;178.75;178.75;178.74;3;
BBG000B9XRY4;2022-01-05T04:45:00Z;178.75;178.75;178.75;178.75;5;
BBG000B9XRY4;2022-01-05T04:46:00Z;178.74;178.74;178.75;178.74;10;
BBG000B9XRY4;2022-01-05T04:47:00Z;178.74;178.74;178.74;178.74;1;
BBG000B9XRY4;2022-01-05T04:48:00Z;178.7;178.7;178.7;178.7;10;
BBG000B9XRY4;2022-01-05T04:50:00Z;178.74;178.74;178.74;178.74;14;
BBG000B9XRY4;2022-01-05T04:51:00Z;178.74;178.75;178.75;178.74;14;
BBG000B9XRY4;2022-01-05T04:52:00Z;178.75;178.75;178.75;178.75;9;
BBG000B9XRY4;2022-01-05T04:53:00Z;178.75;178.75;178.75;178.75;8;
BBG000B9XRY4;2022-01-05T04:54:00Z;178.75;178.74;178.75;178.74;8;
BBG000B9XRY4;2022-01-05T04:55:00Z;178.7;178.75;178.75;178.7;32;
BBG000B9XRY4;2022-01-05T04:56:00Z;178.75;178.79;178.79;178.75;62;
BBG000B9XRY4;2022-01-05T04:57:00Z;178.79;178.79;178.79;178.74;17;
BBG000B9XRY4;2022-01-05T04:58:00Z;178.79;178.79;178.79;178.79;1;
BBG000B9XRY4;2022-01-05T04:59:00Z;178.74;178.88;178.88;178.7;7;
BBG000B9XRY4;2022-01-05T05:00:00Z;178.88;178.88;178.88;178.88;1;
BBG000B9XRY4;2022-01-05T05:02:00Z;178.87;178.93;178.93;178.87;35;
BBG000B9XRY4;2022-01-05T05:03:00Z;178.93;178.93;178.93;178.93;3;
BBG000B9XRY4;2022-01-05T05:04:00Z;178.93;178.92;178.93;178.92;10;
BBG000B9XRY4;2022-01-05T05:05:00Z;178.92;178.88;178.92;178.88;16;
BBG000B9XRY4;2022-01-05T05:06:00Z;178.93;178.93;178.93;178.93;1;
BBG000B9XRY4;2022-01-05T05:07:00Z;178.93;178.88;178.93;178.88;15;
BBG000B9XRY4;2022-01-05T05:08:00Z;178.92;178.92;178.92;178.92;1;
BBG000B9XRY4;2022-01-05T05:09:00Z;178.92;178.91;178.92;178.88;11;
BBG000B9XRY4;2022-01-05T05:10:00Z;178.92;178.92;178.92;178.92;44;
BBG000B9XRY4;2022-01-05T05:11:00Z;178.92;178.95;178.95;178.92;2;
BBG000B9XRY4;2022-01-05T05:12:00Z;178.92;178.95;178.95;178.92;58;
BBG000B9XRY4;2022-01-05T05:13:00Z;178.95;178.95;178.95;178.95;25;
BBG000B9XRY4;2022-01-05T05:14:00Z;178.95;178.96;178.96;178.92;52;
BBG000B9XRY4;2022-01-05T05:15:00Z;178.75;178.75;178.75;178.75;6;
BBG000B9XRY4;2022-01-05T05:16:00Z;178.95;178.95;178.95;178.95;2;
BBG000B9XRY4;2022-01-05T05:17:00Z;178.95;178.95;178.95;178.95;9;
BBG000B9XRY4;2022-01-05T05:18:00Z;178.94;178.94;178.94;178.94;30;
BBG000B9XRY4;2022-01-05T05:19:00Z;178.94;178.73;178.94;178.73;22;
BBG000B9XRY4;2022-01-05T05:20:00Z;178.72;178.7;178.72;178.7;18;
BBG000B9XRY4;2022-01-05T05:21:00Z;178.7;178.7;178.88;178.7;6;
BBG000B9XRY4;2022-01-05T05:22:00Z;178.89;178.89;178.89;178.89;2;
BBG000B9XRY4;2022-01-05T05:23:00Z;178.89;178.89;178.89;178.89;1;
BBG000B9XRY4;2022-01-05T05:24:00Z;178.71;178.71;178.71;178.71;1;
BBG000B9XRY4;2022-01-05T05:25:00Z;178.87;178.87;178.87;178.87;24;
BBG000B9XRY4;2022-01-05T05:26:00Z;178.86;178.87;178.87;178.86;15;
BBG000B9XRY4;2022-01-05T05:27:00Z;178.85;178.85;178.85;178.85;5;
BBG000B9XRY4;2022-01-05T05:30:00Z;178.85;178.7;178.85;178.7;11;
BBG000B9XRY4;2022-01-05T05:31:00Z;178.86;178.86;178.86;178.86;1;
BBG000B9XRY4;2022-01-05T05:32:00Z;178.84;178.89;178.89;178.84;109;
BBG000B9XRY4;2022-01-05T05:35:00Z;178.88;178.89;178.89;178.88;3;
BBG000B9XRY4;2022-01-05T05:36:00Z;178.8;178.8;178.8;178.8;5;
BBG000B9XRY4;2022-01-05T05:37:00Z;178.8;178.89;178.89;178.8;16;
BBG000B9XRY4;2022-01-05T05:41:00Z;178.89;178.89;178.89;178.89;2;
BBG000B9XRY4;2022-01-05T05:42:00Z;178.89;178.89;178.89;178.89;13;
BBG000B9XRY4;2022-01-05T05:43:00Z;178.89;178.89;178.89;178.89;1;
BBG000B9XRY4;2022-01-05T05:44:00Z;178.89;178.89;178.89;178.89;2;
BBG000B9XRY4;2022-01-05T05:45:00Z;178.89;178.88;178.89;178.88;2;
BBG000B9XRY4;2022-01-05T05:46:00Z;178.88;178.88;178.88;178.88;1;
BBG000B9XRY4;2022-01-05T05:48:00Z;178.88;178.88;178.88;178.88;1;
BBG000B9XRY4;2022-01-05T05:49:00Z;178.88;178.88;178.88;178.88;4;
BBG000B9XRY4;2022-01-05T05:50:00Z;178.88;178.85;178.88;178.85;3;
BBG000B9XRY4;2022-01-05T05:51:00Z;178.85;178.88;178.88;178.85;2;
BBG000B9XRY4;2022-01-05T05:52:00Z;178.88;178.88;178.88;178.88;1;
BBG000B9XRY4;2022-01-05T05:53:00Z;178.88;178.88;178.88;178.85;11;
BBG000B9XRY4;2022-01-05T05:54:00Z;178.78;178.78;178.78;178.78;2;
BBG000B9XRY4;2022-01-05T05:56:00Z;178.78;178.75;178.78;178.75;12;
BBG000B9XRY4;2022-01-05T05:57:00Z;178.88;178.88;178.88;178.88;5;
BBG000B9XRY4;2022-01-05T05:58:00Z;178.88;178.88;178.88;178.88;1;
BBG000B9XRY4;2022-01-05T05:59:00Z;178.88;178.7;178.88;178.7;36;
BBG000B9XRY4;2022-01-05T06:00:00Z;178.7;178.84;178.85;178.69;25;
BBG000B9XRY4;2022-01-05T06:01:00Z;178.84;178.84;178.84;178.84;5;
BBG000B9XRY4;2022-01-05T06:02:00Z;178.84;178.69;178.84;178.69;3;
BBG000B9XRY4;2022-01-05T06:03:00Z;178.69;178.52;178.69;178.51;29;
BBG000B9XRY4;2022-01-05T06:07:00Z;178.78;178.54;178.78;178.54;2;
BBG000B9XRY4;2022-01-05T06:08:00Z;178.6;178.6;178.6;178.6;4;
BBG000B9XRY4;2022-01-05T06:09:00Z;178.6;178.6;178.6;178.6;4;
BBG000B9XRY4;2022-01-05T06:12:00Z;178.78;178.75;178.78;178.75;9;
BBG000B9XRY4;2022-01-05T06:13:00Z;178.74;178.74;178.74;178.74;1;
BBG000B9XRY4;2022-01-05T06:14:00Z;178.74;178.74;178.74;178.74;16;
BBG000B9XRY4;2022-01-05T06:16:00Z;178.75;178.75;178.75;178.75;2;
BBG000B9XRY4;2022-01-05T06:17:00Z;178.62;178.62;178.7;178.62;5;
BBG000B9XRY4;2022-01-05T06:21:00Z;178.78;178.8;178.81;178.62;17;
BBG000B9XRY4;2022-01-05T06:22:00Z;178.81;178.62;178.83;178.62;26;
BBG000B9XRY4;2022-01-05T06:23:00Z;178.8;178.8;178.8;178.8;3;
BBG000B9XRY4;2022-01-05T06:24:00Z;178.8;178.8;178.8;178.8;1;
BBG000B9XRY4;2022-01-05T06:25:00Z;178.8;178.8;178.8;178.8;2;
BBG000B9XRY4;2022-01-05T06:26:00Z;178.81;178.8;178.81;178.8;24;
BBG000B9XRY4;2022-01-05T06:27:00Z;178.8;178.8;178.8;178.8;5;
BBG000B9XRY4;2022-01-05T06:28:00Z;178.71;178.83;178.83;178.71;11;
BBG000B9XRY4;2022-01-05T06:29:00Z;178.71;178.81;178.81;178.7;11;
BBG000B9XRY4;2022-01-05T06:30:00Z;178.79;178.78;178.79;178.71;31;
BBG000B9XRY4;2022-01-05T06:31:00Z;178.81;178.78;178.81;178.78;8;
BBG000B9XRY4;2022-01-05T06:33:00Z;178.74;178.81;178.81;178.7;52;
BBG000B9XRY4;2022-01-05T06:34:00Z;178.81;178.81;178.81;178.81;12;
BBG000B9XRY4;2022-01-05T06:35:00Z;178.81;178.8;178.81;178.8;16;
BBG000B9XRY4;2022-01-05T06:36:00Z;178.8;178.7;178.8;178.7;51;
BBG000B9XRY4;2022-01-05T06:37:00Z;178.8;178.78;178.81;178.6;54;
BBG000B9XRY4;2022-01-05T06:38:00Z;178.78;178.71;178.78;178.71;13;
BBG000B9XRY4;2022-01-05T06:39:00Z;178.7;178.6;178.7;178.6;40;
BBG000B9XRY4;2022-01-05T06:42:00Z;178.6;178.71;178.71;178.6;9;
BBG000B9XRY4;2022-01-05T06:43:00Z;178.6;178.6;178.6;178.6;20;
BBG000B9XRY4;2022-01-05T06:44:00Z;178.6;178.71;178.71;178.6;3;
BBG000B9XRY4;2022-01-05T06:45:00Z;178.71;178.71;178.71;178.71;4;
BBG000B9XRY4;2022-01-05T06:46:00Z;178.71;178.71;178.71;178.71;2;
BBG000B9XRY4;2022-01-05T06:47:00Z;178.78;178.78;178.78;178.78;2;
BBG000B9XRY4;2022-01-05T06:48:00Z;178.78;178.81;178.81;178.78;21;
BBG000B9XRY4;2022-01-05T06:49:00Z;178.81;178.81;178.81;178.81;16;
BBG000B9XRY4;2022-01-05T06:50:00Z;178.81;178.8;178.81;178.8;4;
BBG000B9XRY4;2022-01-05T06:51:00Z;178.61;178.61;178.61;178.61;7;
BBG000B9XRY4;2022-01-05T06:52:00Z;178.6;178.6;178.6;178.6;3;
BBG000B9XRY4;2022-01-05T06:53:00Z;178.8;178.8;178.8;178.8;15;
BBG000B9XRY4;2022-01-05T06:54:00Z;178.81;178.81;178.81;178.81;12;
BBG000B9XRY4;2022-01-05T06:55:00Z;178.81;178.81;178.81;178.81;7;
BBG000B9XRY4;2022-01-05T06:56:00Z;178.64;178.5;178.64;178.45;506;
BBG000B9XRY4;2022-01-05T06:57:00Z;178.52;178.79;178.79;178.52;4;
BBG000B9XRY4;2022-01-05T06:58:00Z;178.6;178.62;178.62;178.6;2;
BBG000B9XRY4;2022-01-05T07:00:00Z;178.73;178.86;178.89;178.73;169;
BBG000B9XRY4;2022-01-05T07:01:00Z;178.9;178.89;178.94;178.89;131;
BBG000B9XRY4;2022-01-05T07:02:00Z;178.78;178.99;178.99;178.76;441;
BBG000B9XRY4;2022-01-05T07:03:00Z;179;178.97;179;178.93;485;
BBG000B9XRY4;2022-01-05T07:04:00Z;178.97;178.88;178.97;178.88;268;
BBG000B9XRY4;2022-01-05T07:05:00Z;178.97;178.95;178.97;178.9;12;
BBG000B9XRY4;2022-01-05T07:06:00Z;178.95;178.95;178.96;178.91;37;
BBG000B9XRY4;2022-01-05T07:07:00Z;178.93;178.96;178.96;178.93;20;
BBG000B9XRY4;2022-01-05T07:08:00Z;178.96;178.9;178.96;178.83;14;
BBG000B9XRY4;2022-01-05T07:09:00Z;178.96;178.96;178.96;178.96;6;
BBG000B9XRY4;2022-01-05T07:10:00Z;178.96;178.96;178.96;178.96;13;
BBG000B9XRY4;2022-01-05T07:11:00Z;178.96;178.96;178.96;178.86;8;
BBG000B9XRY4;2022-01-05T07:12:00Z;178.96;178.91;178.96;178.91;15;
BBG000B9XRY4;2022-01-05T07:13:00Z;178.96;178.96;178.96;178.96;1;
BBG000B9XRY4;2022-01-05T07:14:00Z;178.98;178.98;178.98;178.91;9;
BBG000B9XRY4;2022-01-05T07:15:00Z;178.98;178.98;178.98;178.98;40;
BBG000B9XRY4;2022-01-05T07:16:00Z;179;179.03;179.03;179;51;
BBG000B9XRY4;2022-01-05T07:17:00Z;179.03;179.21;179.21;179.03;32;
BBG000B9XRY4;2022-01-05T07:18:00Z;179.21;179.15;179.22;179.15;14;
BBG000B9XRY4;2022-01-05T07:19:00Z;179.12;179.22;179.22;179.12;12;
BBG000B9XRY4;2022-01-05T07:20:00Z;179.22;179.22;179.22;179.22;110;
BBG000B9XRY4;2022-01-05T07:21:00Z;179.22;179.31;179.31;179.22;5;
BBG000B9XRY4;2022-01-05T07:22:00Z;179.31;179.3;179.31;179.22;20;
BBG000B9XRY4;2022-01-05T07:23:00Z;179.3;179.3;179.3;179.3;7;
BBG000B9XRY4;2022-01-05T07:24:00Z;179.3;179.3;179.3;179.3;17;
BBG000B9XRY4;2022-01-05T07:25:00Z;179.3;179.22;179.3;179.22;19;
BBG000B9XRY4;2022-01-05T07:26:00Z;179.27;179.22;179.27;179.22;6;
BBG000B9XRY4;2022-01-05T07:27:00Z;179.26;179.22;179.27;179.22;25;
BBG000B9XRY4;2022-01-05T07:28:00Z;179.26;179.22;179.27;179.22;18;
BBG000B9XRY4;2022-01-05T07:30:00Z;179.26;179.27;179.27;179.22;25;
BBG000B9XRY4;2022-01-05T07:31:00Z;179.3;179.29;179.31;179.22;104;
BBG000B9XRY4;2022-01-05T07:32:00Z;179.22;179.31;179.31;179.22;8;
BBG000B9XRY4;2022-01-05T07:33:00Z;179.32;179.25;179.38;179.25;12;
BBG000B9XRY4;2022-01-05T07:34:00Z;179.38;179.38;179.38;179.38;4;
BBG000B9XRY4;2022-01-05T07:35:00Z;179.39;179.3;179.39;179.3;4;
BBG000B9XRY4;2022-01-05T07:36:00Z;179.39;179.36;179.39;179.3;53;
BBG000B9XRY4;2022-01-05T07:37:00Z;179.33;179.3;179.4;179.3;50;
BBG000B9XRY4;2022-01-05T07:38:00Z;179.38;179.38;179.38;179.38;14;
BBG000B9XRY4;2022-01-05T07:39:00Z;179.36;179.36;179.36;179.35;124;
BBG000B9XRY4;2022-01-05T07:40:00Z;179.37;179.36;179.37;179.36;56;
BBG000B9XRY4;2022-01-05T07:41:00Z;179.35;179.36;179.36;179.35;7;
BBG000B9XRY4;2022-01-05T07:42:00Z;179.36;179.36;179.36;179.36;2;
BBG000B9XRY4;2022-01-05T07:43:00Z;179.36;179.3;179.36;179.3;13;
BBG000B9XRY4;2022-01-05T07:44:00Z;179.36;179.36;179.36;179.36;7;
BBG000B9XRY4;2022-01-05T07:45:00Z;179.3;179.3;179.35;179.3;13;
BBG000B9XRY4;2022-01-05T07:46:00Z;179.3;179.35;179.35;179.3;7;
BBG000B9XRY4;2022-01-05T07:47:00Z;179.3;179.45;179.47;179.3;103;
BBG000B9XRY4;2022-01-05T07:48:00Z;179.47;179.5;179.5;179.47;3;
BBG000B9XRY4;2022-01-05T07:49:00Z;179.49;179.5;179.5;179.49;14;
BBG000B9XRY4;2022-01-05T07:50:00Z;179.5;179.5;179.5;179.5;4;
BBG000B9XRY4;2022-01-05T07:51:00Z;179.42;179.5;179.5;179.42;22;
BBG000B9XRY4;2022-01-05T07:52:00Z;179.51;179.55;179.55;179.51;43;
BBG000B9XRY4;2022-01-05T07:53:00Z;179.69;179.8;179.8;179.69;277;
BBG000B9XRY4;2022-01-05T07:54:00Z;179.79;179.83;179.86;179.79;81;
BBG000B9XRY4;2022-01-05T07:55:00Z;179.83;179.6;179.83;179.6;20;
BBG000B9XRY4;2022-01-05T07:56:00Z;179.83;179.85;179.85;179.6;34;
BBG000B9XRY4;2022-01-05T07:57:00Z;179.85;179.82;179.85;179.61;38;
BBG000B9XRY4;2022-01-05T07:58:00Z;179.63;179.6;179.8;179.6;33;
BBG000B9XRY4;2022-01-05T07:59:00Z;179.62;179.79;179.79;179.62;2;
BBG000B9XRY4;2022-01-05T08:00:00Z;179.78;179.78;179.78;179.78;3;
BBG000B9XRY4;2022-01-05T08:01:00Z;179.79;179.79;179.79;179.79;1;
BBG000B9XRY4;2022-01-05T08:02:00Z;179.79;179.78;179.79;179.78;8;
BBG000B9XRY4;2022-01-05T08:03:00Z;179.64;179.64;179.64;179.64;1;
BBG000B9XRY4;2022-01-05T08:04:00Z;179.77;179.78;179.78;179.77;4;
BBG000B9XRY4;2022-01-05T08:05:00Z;179.63;179.59;179.66;179.59;46;
BBG000B9XRY4;2022-01-05T08:06:00Z;179.6;179.6;179.6;179.6;1;
BBG000B9XRY4;2022-01-05T08:07:00Z;179.56;179.56;179.56;179.56;10;
BBG000B9XRY4;2022-01-05T08:09:00Z;179.67;179.73;179.73;179.67;10;
BBG000B9XRY4;2022-01-05T08:10:00Z;179.73;179.58;179.73;179.58;60;
BBG000B9XRY4;2022-01-05T08:11:00Z;179.66;179.7;179.7;179.62;10;
BBG000B9XRY4;2022-01-05T08:12:00Z;179.7;179.7;179.7;179.7;9;
BBG000B9XRY4;2022-01-05T08:13:00Z;179.7;179.73;179.73;179.7;53;
BBG000B9XRY4;2022-01-05T08:14:00Z;179.76;179.76;179.76;179.76;2;
BBG000B9XRY4;2022-01-05T08:15:00Z;179.76;179.79;179.79;179.68;125;
BBG000B9XRY4;2022-01-05T08:16:00Z;179.79;179.8;179.8;179.71;9;
BBG000B9XRY4;2022-01-05T08:17:00Z;179.8;179.8;179.8;179.72;11;
BBG000B9XRY4;2022-01-05T08:18:00Z;179.78;179.79;179.79;179.78;101;
BBG000B9XRY4;2022-01-05T08:19:00Z;179.8;179.79;179.8;179.79;27;
BBG000B9XRY4;2022-01-05T08:20:00Z;179.79;179.68;179.79;179.68;75;
BBG000B9XRY4;2022-01-05T08:21:00Z;179.61;179.49;179.61;179.43;105;
BBG000B9XRY4;2022-01-05T08:22:00Z;179.49;179.44;179.54;179.42;23;
BBG000B9XRY4;2022-01-05T08:23:00Z;179.45;179.45;179.45;179.44;29;
BBG000B9XRY4;2022-01-05T08:24:00Z;179.55;179.55;179.55;179.55;1;
BBG000B9XRY4;2022-01-05T08:25:00Z;179.58;179.59;179.59;179.57;14;
BBG000B9XRY4;2022-01-05T08:26:00Z;179.59;179.59;179.62;179.57;60;
BBG000B9XRY4;2022-01-05T08:27:00Z;179.6;179.55;179.6;179.55;23;
BBG000B9XRY4;2022-01-05T08:28:00Z;179.5;179.52;179.57;179.5;16;
BBG000B9XRY4;2022-01-05T08:29:00Z;179.52;179.5;179.54;179.5;20;
BBG000B9XRY4;2022-01-05T08:30:00Z;179.57;179.5;179.57;179.5;6;
BBG000B9XRY4;2022-01-05T08:32:00Z;179.64;179.65;179.65;179.64;3;
BBG000B9XRY4;2022-01-05T08:33:00Z;179.69;179.66;179.69;179.51;102;
BBG000B9XRY4;2022-01-05T08:34:00Z;179.61;179.57;179.61;179.5;19;
BBG000B9XRY4;2022-01-05T08:35:00Z;179.54;179.56;179.56;179.5;18;
BBG000B9XRY4;2022-01-05T08:36:00Z;179.53;179.5;179.53;179.5;56;
BBG000B9XRY4;2022-01-05T08:37:00Z;179.49;179.5;179.5;179.49;3;
BBG000B9XRY4;2022-01-05T08:38:00Z;179.5;179.5;179.5;179.5;7;
BBG000B9XRY4;2022-01-05T08:39:00Z;179.5;179.46;179.5;179.46;7;
BBG000B9XRY4;2022-01-05T08:40:00Z;179.5;179.5;179.5;179.48;9;
BBG000B9XRY4;2022-01-05T08:41:00Z;179.49;179.5;179.5;179.49;4;
BBG000B9XRY4;2022-01-05T08:42:00Z;179.5;179.55;179.55;179.5;47;
BBG000B9XRY4;2022-01-05T08:43:00Z;179.48;179.48;179.48;179.48;3;
BBG000B9XRY4;2022-01-05T08:44:00Z;179.49;179.55;179.55;179.49;39;
BBG000B9XRY4;2022-01-05T08:45:00Z;179.55;179.55;179.55;179.55;3;
BBG000B9XRY4;2022-01-05T08:46:00Z;179.52;179.55;179.55;179.52;10;
BBG000B9XRY4;2022-01-05T08:47:00Z;179.55;179.55;179.55;179.55;79;
BBG000B9XRY4;2022-01-05T08:48:00Z;179.6;179.57;179.68;179.57;5;
BBG000B9XRY4;2022-01-05T08:49:00Z;179.6;179.6;179.6;179.6;1;
BBG000B9XRY4;2022-01-05T08:51:00Z;179.63;179.77;179.78;179.62;141;
BBG000B9XRY4;2022-01-05T08:52:00Z;179.63;179.78;179.78;179.63;4;
BBG000B9XRY4;2022-01-05T08:53:00Z;179.78;179.78;179.78;179.78;4;
BBG000B9XRY4;2022-01-05T08:54:00Z;179.78;179.63;179.78;179.63;99;
BBG000B9XRY4;2022-01-05T08:55:00Z;179.63;179.67;179.77;179.63;6;
BBG000B9XRY4;2022-01-05T08:56:00Z;179.64;179.64;179.67;179.62;54;
BBG000B9XRY4;2022-01-05T08:57:00Z;179.65;179.65;179.65;179.6;8;
BBG000B9XRY4;2022-01-05T08:58:00Z;179.55;179.65;179.65;179.55;8;
BBG000B9XRY4;2022-01-05T08:59:00Z;179.65;179.6;179.65;179.6;11;
BBG000B9XRY4;2022-01-05T09:00:00Z;179.65;179.55;179.67;179.52;163;
BBG000B9XRY4;2022-01-05T09:01:00Z;179.54;179.47;179.54;179.44;104;
BBG000B9XRY4;2022-01-05T09:02:00Z;179.45;179.47;179.48;179.45;125;
BBG000B9XRY4;2022-01-05T09:03:00Z;179.47;179.45;179.47;179.45;103;
BBG000B9XRY4;2022-01-05T09:05:00Z;179.5;179.54;179.54;179.5;14;
BBG000B9XRY4;2022-01-05T09:08:00Z;179.62;179.57;179.62;179.57;89;
BBG000B9XRY4;2022-01-05T09:09:00Z;179.62;179.57;179.62;179.57;3;
BBG000B9XRY4;2022-01-05T09:10:00Z;179.65;179.64;179.65;179.64;5;
BBG000B9XRY4;2022-01-05T09:11:00Z;179.63;179.58;179.63;179.58;23;
BBG000B9XRY4;2022-01-05T09:12:00Z;179.58;179.51;179.58;179.51;105;
BBG000B9XRY4;2022-01-05T09:13:00Z;179.51;179.52;179.54;179.5;128;
BBG000B9XRY4;2022-01-05T09:14:00Z;179.6;179.6;179.6;179.6;1;
BBG000B9XRY4;2022-01-05T09:15:00Z;179.5;179.65;179.65;179.5;3;
BBG000B9XRY4;2022-01-05T09:17:00Z;179.72;179.72;179.72;179.72;2;
BBG000B9XRY4;2022-01-05T09:18:00Z;179.72;179.72;179.72;179.67;13;
BBG000B9XRY4;2022-01-05T09:19:00Z;179.72;179.7;179.72;179.7;24;
BBG000B9XRY4;2022-01-05T09:20:00Z;179.72;179.77;179.77;179.72;34;
BBG000B9XRY4;2022-01-05T09:21:00Z;179.77;179.7;179.77;179.7;38;
BBG000B9XRY4;2022-01-05T09:22:00Z;179.76;179.76;179.76;179.76;4;
BBG000B9XRY4;2022-01-05T09:23:00Z;179.76;179.76;179.76;179.76;3;
BBG000B9XRY4;2022-01-05T09:24:00Z;179.76;179.76;179.76;179.71;45;
BBG000B9XRY4;2022-01-05T09:25:00Z;179.7;179.76;179.76;179.7;7;
BBG000B9XRY4;2022-01-05T09:26:00Z;179.76;179.7;179.76;179.7;3;
BBG000B9XRY4;2022-01-05T09:27:00Z;179.7;179.77;179.77;179.7;30;
BBG000B9XRY4;2022-01-05T09:28:00Z;179.76;179.78;179.78;179.69;3;
BBG000B9XRY4;2022-01-05T09:29:00Z;179.78;179.77;179.78;179.77;6;
BBG000B9XRY4;2022-01-05T09:30:00Z;179.78;179.79;179.79;179.66;63;
BBG000B9XRY4;2022-01-05T09:31:00Z;179.79;179.7;179.79;179.7;16;
BBG000B9XRY4;2022-01-05T09:32:00Z;179.77;179.75;179.79;179.75;27;
BBG000B9XRY4;2022-01-05T09:33:00Z;179.75;179.76;179.76;179.75;20;
BBG000B9XRY4;2022-01-05T09:34:00Z;179.75;179.76;179.76;179.65;4;
BBG000B9XRY4;2022-01-05T09:35:00Z;179.74;179.74;179.74;179.63;18;
BBG000B9XRY4;2022-01-05T09:36:00Z;179.74;179.74;179.74;179.74;11;
BBG000B9XRY4;2022-01-05T09:37:00Z;179.74;179.73;179.74;179.73;2;
BBG000B9XRY4;2022-01-05T09:38:00Z;179.74;179.7;179.74;179.7;16;
BBG000B9XRY4;2022-01-05T09:39:00Z;179.74;179.7;179.74;179.7;7;
BBG000B9XRY4;2022-01-05T09:40:00Z;179.74;179.67;179.74;179.67;56;
BBG000B9XRY4;2022-01-05T09:41:00Z;179.69;179.69;179.69;179.69;1;
BBG000B9XRY4;2022-01-05T09:43:00Z;179.7;179.7;179.7;179.67;6;
BBG000B9XRY4;2022-01-05T09:44:00Z;179.67;179.71;179.71;179.67;11;
BBG000B9XRY4;2022-01-05T09:45:00Z;179.74;179.74;179.74;179.74;1;
BBG000B9XRY4;2022-01-05T09:46:00Z;179.73;179.72;179.73;179.72;201;
BBG000B9XRY4;2022-01-05T09:47:00Z;179.71;179.72;179.72;179.7;74;
BBG000B9XRY4;2022-01-05T09:48:00Z;179.72;179.72;179.72;179.71;31;
BBG000B9XRY4;2022-01-05T09:49:00Z;179.71;179.67;179.71;179.67;51;
BBG000B9XRY4;2022-01-05T09:50:00Z;179.62;179.62;179.65;179.62;15;
BBG000B9XRY4;2022-01-05T09:51:00Z;179.65;179.63;179.65;179.61;173;
BBG000B9XRY4;2022-01-05T09:52:00Z;179.63;179.72;179.72;179.63;12;
BBG000B9XRY4;2022-01-05T09:53:00Z;179.67;179.67;179.67;179.63;4;
BBG000B9XRY4;2022-01-05T09:54:00Z;179.68;179.71;179.71;179.61;33;
BBG000B9XRY4;2022-01-05T09:55:00Z;179.7;179.7;179.71;179.61;45;
BBG000B9XRY4;2022-01-05T09:56:00Z;179.69;179.69;179.69;179.68;16;
BBG000B9XRY4;2022-01-05T09:57:00Z;179.62;179.76;179.76;179.62;6;
BBG000B9XRY4;2022-01-05T09:58:00Z;179.76;179.76;179.77;179.75;11;
BBG000B9XRY4;2022-01-05T09:59:00Z;179.77;179.78;179.78;179.75;20;
BBG000B9XRY4;2022-01-05T10:00:00Z;179.78;179.78;179.78;179.78;9;
BBG000B9XRY4;2022-01-05T10:01:00Z;179.78;179.8;179.8;179.78;78;
BBG000B9XRY4;2022-01-05T10:02:00Z;179.8;179.96;179.96;179.8;75;
BBG000B9XRY4;2022-01-05T10:03:00Z;179.96;179.93;179.96;179.93;50;
BBG000B9XRY4;2022-01-05T10:04:00Z;179.96;179.82;179.99;179.82;161;
BBG000B9XRY4;2022-01-05T10:05:00Z;179.96;179.93;179.96;179.91;17;
BBG000B9XRY4;2022-01-05T10:06:00Z;179.89;179.91;179.92;179.82;20;
BBG000B9XRY4;2022-01-05T10:07:00Z;179.91;179.92;179.92;179.91;7;
BBG000B9XRY4;2022-01-05T10:08:00Z;179.93;179.93;179.93;179.9;20;
BBG000B9XRY4;2022-01-05T10:09:00Z;179.98;179.89;180;179.89;40;
BBG000B9XRY4;2022-01-05T10:10:00Z;180;180;180;179.91;45;
BBG000B9XRY4;2022-01-05T10:11:00Z;180;180.05;180.05;180;530;
BBG000B9XRY4;2022-01-05T10:12:00Z;180.05;180;180.05;180;196;
BBG000B9XRY4;2022-01-05T10:13:00Z;179.98;179.99;179.99;179.98;10;
BBG000B9XRY4;2022-01-05T10:14:00Z;179.99;179.97;179.99;179.9;21;
BBG000B9XRY4;2022-01-05T10:15:00Z;179.98;179.98;179.98;179.98;12;
BBG000B9XRY4;2022-01-05T10:16:00Z;179.97;179.96;179.97;179.96;30;
BBG000B9XRY4;2022-01-05T10:17:00Z;179.97;179.97;179.97;179.97;2;
BBG000B9XRY4;2022-01-05T10:18:00Z;179.97;179.97;179.97;179.96;24;
BBG000B9XRY4;2022-01-05T10:19:00Z;179.97;179.97;179.97;179.97;1;
BBG000B9XRY4;2022-01-05T10:20:00Z;179.9;179.9;179.95;179.9;68;
BBG000B9XRY4;2022-01-05T10:21:00Z;179.95;179.97;179.97;179.95;3;
BBG000B9XRY4;2022-01-05T10:22:00Z;179.95;179.95;179.95;179.95;2;
BBG000B9XRY4;2022-01-05T10:23:00Z;179.97;179.97;179.97;179.97;3;
BBG000B9XRY4;2022-01-05T10:24:00Z;179.95;179.96;179.96;179.95;17;
BBG000B9XRY4;2022-01-05T10:25:00Z;179.96;179.96;179.96;179.96;12;
BBG000B9XRY4;2022-01-05T10:26:00Z;179.9;179.99;180;179.9;32;
BBG000B9XRY4;2022-01-05T10:27:00Z;179.99;179.99;179.99;179.99;3;
BBG000B9XRY4;2022-01-05T10:28:00Z;180;180;180;180;12;
BBG000B9XRY4;2022-01-05T10:29:00Z;180;180;180;180;7;
BBG000B9XRY4;2022-01-05T10:30:00Z;180;180;180;180;19;
BBG000B9XRY4;2022-01-05T10:31:00Z;180.1;180.19;180.19;180.07;37;
BBG000B9XRY4;2022-01-05T10:32:00Z;180.25;180.17;180.25;180.17;272;
BBG000B9XRY4;2022-01-05T10:33:00Z;180.05;180.13;180.17;180;55;
BBG000B9XRY4;2022-01-05T10:34:00Z;180.12;180.02;180.12;180.02;100;
BBG000B9XRY4;2022-01-05T10:35:00Z;180.01;180.02;180.02;180.01;53;
BBG000B9XRY4;2022-01-05T10:36:00Z;180.02;180.04;180.04;180.02;32;
BBG000B9XRY4;2022-01-05T10:37:00Z;180.05;180.03;180.05;180.02;145;
BBG000B9XRY4;2022-01-05T10:38:00Z;180.02;179.9;180.02;179.9;33;
BBG000B9XRY4;2022-01-05T10:39:00Z;179.94;179.95;179.95;179.9;55;
BBG000B9XRY4;2022-01-05T10:40:00Z;179.95;179.93;179.95;179.93;20;
BBG000B9XRY4;2022-01-05T10:41:00Z;179.9;179.7;179.9;179.7;474;
BBG000B9XRY4;2022-01-05T10:42:00Z;179.75;179.81;179.81;179.75;66;
BBG000B9XRY4;2022-01-05T10:43:00Z;179.8;179.81;179.81;179.8;6;
BBG000B9XRY4;2022-01-05T10:44:00Z;179.81;179.81;179.81;179.81;5;
BBG000B9XRY4;2022-01-05T10:45:00Z;179.79;179.78;179.79;179.78;30;
BBG000B9XRY4;2022-01-05T10:46:00Z;179.72;179.72;179.72;179.72;1;
BBG000B9XRY4;2022-01-05T10:47:00Z;179.77;179.77;179.77;179.77;6;
BBG000B9XRY4;2022-01-05T10:48:00Z;179.77;179.77;179.77;179.77;3;
BBG000B9XRY4;2022-01-05T10:49:00Z;179.76;179.74;179.76;179.72;22;
BBG000B9XRY4;2022-01-05T10:50:00Z;179.78;179.78;179.78;179.78;2;
BBG000B9XRY4;2022-01-05T10:52:00Z;179.72;179.74;179.74;179.71;29;
BBG000B9XRY4;2022-01-05T10:53:00Z;179.74;179.74;179.74;179.74;10;
BBG000B9XRY4;2022-01-05T10:54:00Z;179.74;179.74;179.74;179.74;24;
BBG000B9XRY4;2022-01-05T10:55:00Z;179.71;179.76;179.76;179.71;22;
BBG000B9XRY4;2022-01-05T10:57:00Z;179.83;179.83;179.83;179.83;75;
BBG000B9XRY4;2022-01-05T10:58:00Z;179.83;179.83;179.83;179.83;2;
BBG000B9XRY4;2022-01-05T10:59:00Z;179.83;179.83;179.83;179.83;4;
BBG000B9XRY4;2022-01-05T11:00:00Z;179.83;179.72;179.83;179.71;9;
BBG000B9XRY4;2022-01-05T11:01:00Z;179.72;179.8;179.8;179.72;9;
BBG000B9XRY4;2022-01-05T11:02:00Z;179.8;179.75;179.8;179.75;12;
BBG000B9XRY4;2022-01-05T11:03:00Z;179.75;179.73;179.75;179.73;3;
BBG000B9XRY4;2022-01-05T11:04:00Z;179.75;179.75;179.75;179.75;1;
BBG000B9XRY4;2022-01-05T11:05:00Z;179.75;179.73;179.75;179.73;17;
BBG000B9XRY4;2022-01-05T11:06:00Z;179.73;179.67;179.73;179.62;78;
BBG000B9XRY4;2022-01-05T11:07:00Z;179.62;179.65;179.65;179.61;324;
BBG000B9XRY4;2022-01-05T11:08:00Z;179.61;179.5;179.61;179.43;301;
BBG000B9XRY4;2022-01-05T11:09:00Z;179.5;179.5;179.5;179.44;83;
BBG000B9XRY4;2022-01-05T11:10:00Z;179.5;179.5;179.5;179.44;20;
BBG000B9XRY4;2022-01-05T11:11:00Z;179.61;179.59;179.61;179.59;2;
BBG000B9XRY4;2022-01-05T11:12:00Z;179.58;179.58;179.58;179.58;1;
BBG000B9XRY4;2022-01-05T11:13:00Z;179.59;179.61;179.61;179.5;10;
BBG000B9XRY4;2022-01-05T11:14:00Z;179.61;179.61;179.61;179.61;1;
BBG000B9XRY4;2022-01-05T11:17:00Z;179.61;179.61;179.61;179.52;9;
BBG000B9XRY4;2022-01-05T11:18:00Z;179.61;179.61;179.61;179.61;10;
BBG000B9XRY4;2022-01-05T11:19:00Z;179.62;179.62;179.62;179.62;2;
BBG000B9XRY4;2022-01-05T11:21:00Z;179.61;179.61;179.61;179.61;8;
BBG000B9XRY4;2022-01-05T11:22:00Z;179.69;179.67;179.69;179.61;6;
BBG000B9XRY4;2022-01-05T11:23:00Z;179.69;179.69;179.69;179.69;2;
BBG000B9XRY4;2022-01-05T11:25:00Z;179.65;179.63;179.65;179.61;262;
BBG000B9XRY4;2022-01-05T11:26:00Z;179.61;179.63;179.63;179.61;112;
BBG000B9XRY4;2022-01-05T11:27:00Z;179.61;179.6;179.62;179.55;333;
BBG000B9XRY4;2022-01-05T11:28:00Z;179.6;179.6;179.6;179.52;6;
BBG000B9XRY4;2022-01-05T11:29:00Z;179.58;179.58;179.58;179.5;7;
BBG000B9XRY4;2022-01-05T11:30:00Z;179.59;179.58;179.59;179.58;2;
BBG000B9XRY4;2022-01-05T11:33:00Z;179.51;179.5;179.51;179.5;4;
BBG000B9XRY4;2022-01-05T11:34:00Z;179.5;179.5;179.5;179.5;6;
BBG000B9XRY4;2022-01-05T11:37:00Z;179.5;179.51;179.51;179.49;45;
BBG000B9XRY4;2022-01-05T11:38:00Z;179.51;179.5;179.51;179.5;19;
BBG000B9XRY4;2022-01-05T11:39:00Z;179.5;179.48;179.5;179.48;17;
BBG000B9XRY4;2022-01-05T11:40:00Z;179.5;179.45;179.5;179.45;56;
BBG000B9XRY4;2022-01-05T11:41:00Z;179.45;179.5;179.5;179.45;23;
BBG000B9XRY4;2022-01-05T11:42:00Z;179.5;179.44;179.5;179.44;7;
BBG000B9XRY4;2022-01-05T11:43:00Z;179.5;179.47;179.5;179.47;13;
BBG000B9XRY4;2022-01-05T11:44:00Z;179.42;179.46;179.46;179.42;9;
BBG000B9XRY4;2022-01-05T11:45:00Z;179.42;179.4;179.42;179.4;60;
BBG000B9XRY4;2022-01-05T11:46:00Z;179.4;179.4;179.4;179.39;4;
BBG000B9XRY4;2022-01-05T11:47:00Z;179.4;179.39;179.4;179.38;67;
BBG000B9XRY4;2022-01-05T11:48:00Z;179.39;179.4;179.4;179.39;85;
BBG000B9XRY4;2022-01-05T11:49:00Z;179.5;179.5;179.5;179.5;11;
BBG000B9XRY4;2022-01-05T11:50:00Z;179.51;179.5;179.51;179.5;6;
BBG000B9XRY4;2022-01-05T11:51:00Z;179.5;179.46;179.51;179.46;56;
BBG000B9XRY4;2022-01-05T11:52:00Z;179.51;179.51;179.51;179.46;4;
BBG000B9XRY4;2022-01-05T11:53:00Z;179.51;179.46;179.51;179.46;6;
BBG000B9XRY4;2022-01-05T11:54:00Z;179.51;179.51;179.51;179.51;4;
BBG000B9XRY4;2022-01-05T11:55:00Z;179.5;179.51;179.51;179.47;14;
BBG000B9XRY4;2022-01-05T11:56:00Z;179.47;179.51;179.51;179.47;5;
BBG000B9XRY4;2022-01-05T11:58:00Z;179.51;179.47;179.51;179.47;11;
BBG000B9XRY4;2022-01-05T11:59:00Z;179.51;179.47;179.51;179.47;53;
BBG000B9XRY4;2022-01-05T12:00:00Z;179.51;179.51;179.51;179.51;204;
BBG000B9XRY4;2022-01-05T12:01:00Z;179.51;179.6;179.6;179.51;31;
BBG000B9XRY4;2022-01-05T12:02:00Z;179.6;179.6;179.6;179.57;25;
BBG000B9XRY4;2022-01-05T12:03:00Z;179.65;179.6;179.7;179.6;55;
BBG000B9XRY4;2022-01-05T12:04:00Z;179.7;179.7;179.7;179.7;5;
BBG000B9XRY4;2022-01-05T12:05:00Z;179.6;179.51;179.6;179.51;35;
BBG000B9XRY4;2022-01-05T12:06:00Z;179.56;179.56;179.57;179.56;4;
BBG000B9XRY4;2022-01-05T12:07:00Z;179.53;179.53;179.53;179.53;6;
BBG000B9XRY4;2022-01-05T12:08:00Z;179.6;179.6;179.6;179.6;11;
BBG000B9XRY4;2022-01-05T12:09:00Z;179.69;179.69;179.69;179.69;1;
BBG000B9XRY4;2022-01-05T12:11:00Z;179.62;179.62;179.62;179.62;12;
BBG000B9XRY4;2022-01-05T12:12:00Z;179.69;179.7;179.7;179.55;9;
BBG000B9XRY4;2022-01-05T12:13:00Z;179.7;179.68;179.7;179.6;6;
BBG000B9XRY4;2022-01-05T12:14:00Z;179.6;179.67;179.67;179.6;12;
BBG000B9XRY4;2022-01-05T12:15:00Z;179.6;179.65;179.65;179.6;6;
BBG000B9XRY4;2022-01-05T12:16:00Z;179.62;179.52;179.62;179.5;14;
BBG000B9XRY4;2022-01-05T12:17:00Z;179.56;179.6;179.6;179.56;3;
BBG000B9XRY4;2022-01-05T12:18:00Z;179.63;179.63;179.63;179.63;12;
BBG000B9XRY4;2022-01-05T12:19:00Z;179.62;179.64;179.64;179.62;4;
BBG000B9XRY4;2022-01-05T12:21:00Z;179.53;179.47;179.54;179.47;4;
BBG000B9XRY4;2022-01-05T12:22:00Z;179.47;179.48;179.48;179.47;7;
BBG000B9XRY4;2022-01-05T12:23:00Z;179.5;179.5;179.5;179.5;4;
BBG000B9XRY4;2022-01-05T12:24:00Z;179.49;179.39;179.49;179.39;609;
BBG000B9XRY4;2022-01-05T12:25:00Z;179.35;179.38;179.38;179.35;5;
BBG000B9XRY4;2022-01-05T12:26:00Z;179.47;179.47;179.47;179.47;1;
BBG000B9XRY4;2022-01-05T12:27:00Z;179.47;179.47;179.47;179.47;2;
BBG000B9XRY4;2022-01-05T12:29:00Z;179.47;179.47;179.47;179.47;1;
BBG000B9XRY4;2022-01-05T12:30:00Z;179.42;179.42;179.42;179.4;83;
BBG000B9XRY4;2022-01-05T12:31:00Z;179.4;179.41;179.43;179.4;176;
BBG000B9XRY4;2022-01-05T12:32:00Z;179.41;179.41;179.41;179.37;22;
BBG000B9XRY4;2022-01-05T12:33:00Z;179.38;179.45;179.45;179.38;6;
BBG000B9XRY4;2022-01-05T12:34:00Z;179.45;179.35;179.45;179.35;763;
BBG000B9XRY4;2022-01-05T12:35:00Z;179.34;179.35;179.37;179.33;288;
BBG000B9XRY4;2022-01-05T12:36:00Z;179.35;179.36;179.39;179.35;58;
BBG000B9XRY4;2022-01-05T12:37:00Z;179.38;179.38;179.4;179.38;10;
BBG000B9XRY4;2022-01-05T12:38:00Z;179.38;179.38;179.4;179.36;216;
BBG000B9XRY4;2022-01-05T12:39:00Z;179.38;179.39;179.39;179.38;4;
BBG000B9XRY4;2022-01-05T12:40:00Z;179.35;179.35;179.38;179.35;328;
BBG000B9XRY4;2022-01-05T12:41:00Z;179.36;179.39;179.39;179.36;3;
BBG000B9XRY4;2022-01-05T12:42:00Z;179.39;179.33;179.39;179.33;664;
BBG000B9XRY4;2022-01-05T12:43:00Z;179.33;179.39;179.39;179.33;5;
BBG000B9XRY4;2022-01-05T12:45:00Z;179.39;179.39;179.39;179.39;3;
BBG000B9XRY4;2022-01-05T12:46:00Z;179.37;179.14;179.37;179.14;1782;
BBG000B9XRY4;2022-01-05T12:47:00Z;179.25;179.19;179.25;179.19;141;
BBG000B9XRY4;2022-01-05T12:49:00Z;179.19;179.2;179.25;179.18;346;
BBG000B9XRY4;2022-01-05T12:50:00Z;179.25;179.23;179.25;179.22;71;
BBG000B9XRY4;2022-01-05T12:51:00Z;179.25;179.25;179.25;179.23;152;
BBG000B9XRY4;2022-01-05T12:52:00Z;179.25;179.25;179.25;179.2;13;
BBG000B9XRY4;2022-01-05T12:53:00Z;179.23;179.23;179.23;179.21;16;
BBG000B9XRY4;2022-01-05T12:54:00Z;179.2;179.21;179.23;179.18;213;
BBG000B9XRY4;2022-01-05T12:55:00Z;179.23;179.22;179.23;179.22;14;
BBG000B9XRY4;2022-01-05T12:56:00Z;179.22;179.22;179.25;179.19;472;
BBG000B9XRY4;2022-01-05T12:57:00Z;179.25;179.27;179.27;179.23;843;
BBG000B9XRY4;2022-01-05T12:58:00Z;179.22;179.23;179.23;179.22;9;
BBG000B9XRY4;2022-01-05T12:59:00Z;179.23;179.25;179.25;179.23;63;
BBG000B9XRY4;2022-01-05T13:00:00Z;179.25;179.29;179.35;179.25;852;
BBG000B9XRY4;2022-01-05T13:01:00Z;179.28;179.29;179.29;179.28;2;
BBG000B9XRY4;2022-01-05T13:02:00Z;179.32;179.33;179.33;179.32;39;
BBG000B9XRY4;2022-01-05T13:03:00Z;179.32;179.32;179.32;179.32;7;
BBG000B9XRY4;2022-01-05T13:04:00Z;179.31;179.3;179.31;179.28;14;
BBG000B9XRY4;2022-01-05T13:05:00Z;179.3;179.3;179.32;179.28;17;
BBG000B9XRY4;2022-01-05T13:06:00Z;179.3;179.31;179.32;179.3;122;
BBG000B9XRY4;2022-01-05T13:07:00Z;179.28;179.32;179.32;179.26;25;
BBG000B9XRY4;2022-01-05T13:08:00Z;179.31;179.31;179.31;179.31;2;
BBG000B9XRY4;2022-01-05T13:09:00Z;179.32;179.23;179.32;179.23;128;
BBG000B9XRY4;2022-01-05T13:10:00Z;179.22;179.09;179.29;179.08;1589;
BBG000B9XRY4;2022-01-05T13:11:00Z;179.13;178.98;179.13;178.93;2096;
BBG000B9XRY4;2022-01-05T13:12:00Z;178.97;179.01;179.01;178.97;215;
BBG000B9XRY4;2022-01-05T13:13:00Z;178.97;178.95;179.01;178.92;1436;
BBG000B9XRY4;2022-01-05T13:14:00Z;178.96;178.94;179.03;178.9;3587;
BBG000B9XRY4;2022-01-05T13:15:00Z;178.91;178.95;179.05;178.76;851;
BBG000B9XRY4;2022-01-05T13:16:00Z;178.93;179.08;179.1;178.93;183;
BBG000B9XRY4;2022-01-05T13:17:00Z;179.02;179.03;179.03;179;85;
BBG000B9XRY4;2022-01-05T13:18:00Z;179.19;179.09;179.19;179.09;930;
BBG000B9XRY4;2022-01-05T13:19:00Z;179.08;179.13;179.13;179.08;9;
BBG000B9XRY4;2022-01-05T13:20:00Z;179.12;178.99;179.12;178.97;1585;
BBG000B9XRY4;2022-01-05T13:22:00Z;179.08;179.05;179.08;179.04;11;
BBG000B9XRY4;2022-01-05T13:23:00Z;179.13;179.08;179.13;179.08;2;
BBG000B9XRY4;2022-01-05T13:24:00Z;179.07;179.07;179.07;179.07;6;
BBG000B9XRY4;2022-01-05T13:25:00Z;179.06;179.15;179.18;179.04;1337;
BBG000B9XRY4;2022-01-05T13:26:00Z;179.19;179.16;179.19;179.16;3;
BBG000B9XRY4;2022-01-05T13:27:00Z;179.14;179.14;179.15;179.14;31;
BBG000B9XRY4;2022-01-05T13:28:00Z;179.14;179.15;179.17;179.14;1164;
BBG000B9XRY4;2022-01-05T13:29:00Z;179.15;179.14;179.16;179.13;267;
BBG000B9XRY4;2022-01-05T13:30:00Z;179.14;179.14;179.16;179.14;16;
BBG000B9XRY4;2022-01-05T13:31:00Z;179.14;179.14;179.17;179.09;512;
BBG000B9XRY4;2022-01-05T13:32:00Z;179.15;179.2;179.35;179.15;1757;
BBG000B9XRY4;2022-01-05T13:33:00Z;179.34;179.34;179.34;179.34;2;
BBG000B9XRY4;2022-01-05T13:34:00Z;179.26;179.25;179.26;179.25;9;
BBG000B9XRY4;2022-01-05T13:35:00Z;179.24;179.26;179.26;179.2;291;
BBG000B9XRY4;2022-01-05T13:36:00Z;179.3;179.32;179.33;179.27;1222;
BBG000B9XRY4;2022-01-05T13:37:00Z;179.28;179.24;179.28;179.12;660;
BBG000B9XRY4;2022-01-05T13:38:00Z;179.2;179.19;179.2;179.19;305;
BBG000B9XRY4;2022-01-05T13:39:00Z;179.22;179.27;179.27;179.19;363;
BBG000B9XRY4;2022-01-05T13:40:00Z;179.25;179.26;179.27;179.22;315;
BBG000B9XRY4;2022-01-05T13:41:00Z;179.26;179.25;179.27;179.18;265;
BBG000B9XRY4;2022-01-05T13:42:00Z;179.27;179.25;179.27;179.24;40;
BBG000B9XRY4;2022-01-05T13:43:00Z;179.2;179.21;179.25;179.11;1295;
BBG000B9XRY4;2022-01-05T13:44:00Z;179.24;179.21;179.24;179.18;339;
BBG000B9XRY4;2022-01-05T13:45:00Z;179.21;179.24;179.24;179.21;396;
BBG000B9XRY4;2022-01-05T13:46:00Z;179.21;179.22;179.24;179.21;9;
BBG000B9XRY4;2022-01-05T13:47:00Z;179.21;179.15;179.21;179.15;674;
BBG000B9XRY4;2022-01-05T13:48:00Z;179.15;179.1;179.17;179.07;602;
BBG000B9XRY4;2022-01-05T13:49:00Z;179.08;179.02;179.12;179;233;
BBG000B9XRY4;2022-01-05T13:50:00Z;179.02;179.01;179.05;178.99;422;
BBG000B9XRY4;2022-01-05T13:51:00Z;179.01;179.01;179.03;179;106;
BBG000B9XRY4;2022-01-05T13:52:00Z;179.02;179.08;179.08;179.02;120;
BBG000B9XRY4;2022-01-05T13:53:00Z;179.12;179.07;179.12;179.07;10;
BBG000B9XRY4;2022-01-05T13:54:00Z;179.06;179.23;179.23;179.04;402;
BBG000B9XRY4;2022-01-05T13:55:00Z;179.2;179.29;179.3;179.2;84;
BBG000B9XRY4;2022-01-05T13:56:00Z;179.32;179.32;179.35;179.32;356;
BBG000B9XRY4;2022-01-05T13:57:00Z;179.32;179.32;179.32;179.32;107;
BBG000B9XRY4;2022-01-05T13:58:00Z;179.32;179.35;179.36;179.32;191;
BBG000B9XRY4;2022-01-05T13:59:00Z;179.37;179.41;179.41;179.33;524;
BBG000B9XRY4;2022-01-05T14:00:00Z;179.43;179.38;179.47;179.37;1776;
BBG000B9XRY4;2022-01-05T14:01:00Z;179.38;179.35;179.46;179.35;652;
BBG000B9XRY4;2022-01-05T14:02:00Z;179.35;179.37;179.4;179.35;415;
BBG000B9XRY4;2022-01-05T14:03:00Z;179.38;179.36;179.38;179.35;603;
BBG000B9XRY4;2022-01-05T14:04:00Z;179.36;179.29;179.37;179.13;2903;
BBG000B9XRY4;2022-01-05T14:05:00Z;179.18;179.13;179.2;179.1;762;
BBG000B9XRY4;2022-01-05T14:06:00Z;179.19;179.17;179.22;179.17;118;
BBG000B9XRY4;2022-01-05T14:07:00Z;179.18;179.16;179.25;179.16;355;
BBG000B9XRY4;2022-01-05T14:08:00Z;179.2;179.14;179.2;179.14;69;
BBG000B9XRY4;2022-01-05T14:09:00Z;179.2;179.15;179.2;179.15;204;
BBG000B9XRY4;2022-01-05T14:10:00Z;179.22;179.28;179.28;179.22;17;
BBG000B9XRY4;2022-01-05T14:11:00Z;179.29;179.35;179.35;179.29;389;
BBG000B9XRY4;2022-01-05T14:12:00Z;179.35;179.44;179.44;179.35;375;
BBG000B9XRY4;2022-01-05T14:13:00Z;179.44;179.41;179.44;179.4;1060;
BBG000B9XRY4;2022-01-05T14:14:00Z;179.45;179.44;179.46;179.44;17;
BBG000B9XRY4;2022-01-05T14:15:00Z;179.47;179.41;179.47;179.39;459;
BBG000B9XRY4;2022-01-05T14:16:00Z;179.39;179.37;179.4;179.37;235;
BBG000B9XRY4;2022-01-05T14:17:00Z;179.4;179.37;179.4;179.35;637;
BBG000B9XRY4;2022-01-05T14:18:00Z;179.4;179.38;179.42;179.38;51;
BBG000B9XRY4;2022-01-05T14:19:00Z;179.44;179.42;179.46;179.42;634;
BBG000B9XRY4;2022-01-05T14:20:00Z;179.42;179.45;179.45;179.41;210;
BBG000B9XRY4;2022-01-05T14:21:00Z;179.41;179.43;179.43;179.39;48;
BBG000B9XRY4;2022-01-05T14:22:00Z;179.39;179.4;179.41;179.39;28;
BBG000B9XRY4;2022-01-05T14:23:00Z;179.4;179.4;179.4;179.37;180;
BBG000B9XRY4;2022-01-05T14:24:00Z;179.35;179.38;179.38;179.33;110;
BBG000B9XRY4;2022-01-05T14:25:00Z;179.4;179.62;179.62;179.4;5237;
BBG000B9XRY4;2022-01-05T14:26:00Z;179.59;179.53;179.59;179.49;1691;
BBG000B9XRY4;2022-01-05T14:27:00Z;179.52;179.49;179.65;179.49;2164;
BBG000B9XRY4;2022-01-05T14:28:00Z;179.56;179.5;179.58;179.5;807;
BBG000B9XRY4;2022-01-05T14:29:00Z;179.58;179.62;179.64;179.57;1191;
BBG000B9XRY4;2022-01-05T14:30:00Z;179.62;179.71;180.17;179.46;776006;
BBG000B9XRY4;2022-01-05T14:31:00Z;179.68;179.65;180.15;179.54;45381;
BBG000B9XRY4;2022-01-05T14:32:00Z;179.61;178.98;179.66;178.81;136438;
BBG000B9XRY4;2022-01-05T14:33:00Z;178.96;179.02;179.17;178.76;83905;
BBG000B9XRY4;2022-01-05T14:34:00Z;178.98;178.7;179.1;178.63;55867;
BBG000B9XRY4;2022-01-05T14:35:00Z;178.72;178.64;178.79;178.42;89374;
BBG000B9XRY4;2022-01-05T14:36:00Z;178.67;178.4;178.67;178.11;101069;
BBG000B9XRY4;2022-01-05T14:37:00Z;178.38;178.41;178.79;178.33;54897;
BBG000B9XRY4;2022-01-05T14:38:00Z;178.39;178.76;178.77;178.38;40311;
BBG000B9XRY4;2022-01-05T14:39:00Z;178.76;178.79;178.89;178.63;45310;
BBG000B9XRY4;2022-01-05T14:40:00Z;178.82;179.1;179.19;178.8;63794;
BBG000B9XRY4;2022-01-05T14:41:00Z;179.07;178.9;179.37;178.85;62559;
BBG000B9XRY4;2022-01-05T14:42:00Z;178.93;178.76;179.13;178.6;62464;
BBG000B9XRY4;2022-01-05T14:43:00Z;178.76;178.73;178.99;178.67;29999;
BBG000B9XRY4;2022-01-05T14:44:00Z;178.74;178.91;178.97;178.58;37913;
BBG000B9XRY4;2022-01-05T14:45:00Z;178.88;178.57;178.89;178.46;43304;
BBG000B9XRY4;2022-01-05T14:46:00Z;178.56;178.27;178.71;178.24;59763;
BBG000B9XRY4;2022-01-05T14:47:00Z;178.29;178.12;178.34;178.06;50723;
BBG000B9XRY4;2022-01-05T14:48:00Z;178.13;178.29;178.39;178.03;49348;
BBG000B9XRY4;2022-01-05T14:49:00Z;178.26;178.37;178.45;178.14;39197;
BBG000B9XRY4;2022-01-05T14:50:00Z;178.34;178.31;178.36;178.14;39515;
BBG000B9XRY4;2022-01-05T14:51:00Z;178.3;178.7;178.75;178.23;60467;
BBG000B9XRY4;2022-01-05T14:52:00Z;178.7;178.86;179.05;178.54;62152;
BBG000B9XRY4;2022-01-05T14:53:00Z;178.85;178.99;179.11;178.85;33740;
BBG000B9XRY4;2022-01-05T14:54:00Z;179.01;179.17;179.17;178.91;38906;
BBG000B9XRY4;2022-01-05T14:55:00Z;179.16;179.05;179.22;178.91;30037;
BBG000B9XRY4;2022-01-05T14:56:00Z;179.04;179.11;179.24;178.86;42374;
BBG000B9XRY4;2022-01-05T14:57:00Z;179.11;179.11;179.23;179.03;32763;
BBG000B9XRY4;2022-01-05T14:58:00Z;179.1;179.16;179.28;179.07;35580;
BBG000B9XRY4;2022-01-05T14:59:00Z;179.16;179.28;179.33;179.13;21321;
BBG000B9XRY4;2022-01-05T15:00:00Z;179.29;179.37;179.48;179.14;43314;
BBG000B9XRY4;2022-01-05T15:01:00Z;179.35;179.26;179.47;179.22;43936;
BBG000B9XRY4;2022-01-05T15:02:00Z;179.27;179.41;179.44;179.27;50678;
BBG000B9XRY4;2022-01-05T15:03:00Z;179.41;179.26;179.45;179.16;26245;
BBG000B9XRY4;2022-01-05T15:04:00Z;179.26;179.17;179.27;179.06;47516;
BBG000B9XRY4;2022-01-05T15:05:00Z;179.21;179.23;179.25;179.13;37281;
BBG000B9XRY4;2022-01-05T15:06:00Z;179.22;179.17;179.25;179.12;46626;
BBG000B9XRY4;2022-01-05T15:07:00Z;179.17;179.24;179.36;179.08;32060;
BBG000B9XRY4;2022-01-05T15:08:00Z;179.23;179.14;179.33;179.08;25902;
BBG000B9XRY4;2022-01-05T15:09:00Z;179.14;178.96;179.25;178.91;38231;
BBG000B9XRY4;2022-01-05T15:10:00Z;178.96;178.79;178.99;178.74;31215;
BBG000B9XRY4;2022-01-05T15:11:00Z;178.82;178.76;178.93;178.74;21880;
BBG000B9XRY4;2022-01-05T15:12:00Z;178.76;178.78;178.95;178.74;51175;
BBG000B9XRY4;2022-01-05T15:13:00Z;178.77;178.59;178.88;178.49;57262;
BBG000B9XRY4;2022-01-05T15:14:00Z;178.59;178.44;178.61;178.36;54686;
BBG000B9XRY4;2022-01-05T15:15:00Z;178.44;178.38;178.47;178.3;46525;
BBG000B9XRY4;2022-01-05T15:16:00Z;178.39;178.23;178.39;178.22;54477;
BBG000B9XRY4;2022-01-05T15:17:00Z;178.24;178.11;178.29;178.07;42422;
BBG000B9XRY4;2022-01-05T15:18:00Z;178.11;178.09;178.21;177.97;112369;
BBG000B9XRY4;2022-01-05T15:19:00Z;178.11;178.32;178.32;178.11;19153;
BBG000B9XRY4;2022-01-05T15:20:00Z;178.31;178.44;178.48;178.3;43732;
BBG000B9XRY4;2022-01-05T15:21:00Z;178.43;178.64;178.64;178.42;23532;
BBG000B9XRY4;2022-01-05T15:22:00Z;178.62;178.67;178.69;178.53;19647;
BBG000B9XRY4;2022-01-05T15:23:00Z;178.67;178.61;178.76;178.47;40528;
BBG000B9XRY4;2022-01-05T15:24:00Z;178.6;178.59;178.63;178.53;14271;
BBG000B9XRY4;2022-01-05T15:25:00Z;178.57;178.8;178.87;178.57;37854;
BBG000B9XRY4;2022-01-05T15:26:00Z;178.79;178.85;178.87;178.77;22857;
BBG000B9XRY4;2022-01-05T15:27:00Z;178.86;178.82;178.92;178.8;25128;
BBG000B9XRY4;2022-01-05T15:28:00Z;178.82;178.88;178.92;178.77;24273;
BBG000B9XRY4;2022-01-05T15:29:00Z;178.89;178.93;179;178.86;35298;
BBG000B9XRY4;2022-01-05T15:30:00Z;178.92;178.85;178.92;178.69;38368;
BBG000B9XRY4;2022-01-05T15:31:00Z;178.85;178.79;178.91;178.75;25540;
BBG000B9XRY4;2022-01-05T15:32:00Z;178.78;178.67;178.89;178.62;23941;
BBG000B9XRY4;2022-01-05T15:33:00Z;178.68;178.66;178.69;178.53;27759;
BBG000B9XRY4;2022-01-05T15:34:00Z;178.65;178.54;178.66;178.53;20156;
BBG000B9XRY4;2022-01-05T15:35:00Z;178.54;178.68;178.68;178.51;16857;
BBG000B9XRY4;2022-01-05T15:36:00Z;178.67;178.61;178.68;178.58;13472;
BBG000B9XRY4;2022-01-05T15:37:00Z;178.6;178.56;178.69;178.53;12685;
BBG000B9XRY4;2022-01-05T15:38:00Z;178.55;178.33;178.55;178.33;22618;
BBG000B9XRY4;2022-01-05T15:39:00Z;178.34;178.34;178.35;178.11;32992;
BBG000B9XRY4;2022-01-05T15:40:00Z;178.33;178.3;178.35;178.19;16128;
BBG000B9XRY4;2022-01-05T15:41:00Z;178.29;178.46;178.47;178.28;16421;
BBG000B9XRY4;2022-01-05T15:42:00Z;178.48;178.44;178.54;178.38;14941;
BBG000B9XRY4;2022-01-05T15:43:00Z;178.42;178.47;178.5;178.3;11098;
BBG000B9XRY4;2022-01-05T15:44:00Z;178.46;178.43;178.54;178.41;14587;
BBG000B9XRY4;2022-01-05T15:45:00Z;178.42;178.36;178.46;178.36;12775;
BBG000B9XRY4;2022-01-05T15:46:00Z;178.36;178.32;178.43;178.3;14396;
BBG000B9XRY4;2022-01-05T15:47:00Z;178.32;178.33;178.33;178.11;26350;
BBG000B9XRY4;2022-01-05T15:48:00Z;178.31;178.44;178.48;178.29;15578;
BBG000B9XRY4;2022-01-05T15:49:00Z;178.44;178.41;178.51;178.38;15569;
BBG000B9XRY4;2022-01-05T15:50:00Z;178.37;178.42;178.44;178.23;11702;
BBG000B9XRY4;2022-01-05T15:51:00Z;178.41;178.46;178.52;178.36;17233;
BBG000B9XRY4;2022-01-05T15:52:00Z;178.45;178.5;178.5;178.41;15976;
BBG000B9XRY4;2022-01-05T15:53:00Z;178.48;178.54;178.58;178.48;14956;
BBG000B9XRY4;2022-01-05T15:54:00Z;178.53;178.55;178.58;178.45;10549;
BBG000B9XRY4;2022-01-05T15:55:00Z;178.55;178.47;178.62;178.45;19950;
BBG000B9XRY4;2022-01-05T15:56:00Z;178.47;178.44;178.47;178.36;17687;
BBG000B9XRY4;2022-01-05T15:57:00Z;178.44;178.63;178.66;178.44;18670;
BBG000B9XRY4;2022-01-05T15:58:00Z;178.64;178.61;178.64;178.56;18665;
BBG000B9XRY4;2022-01-05T15:59:00Z;178.61;178.73;178.75;178.58;15370;
BBG000B9XRY4;2022-01-05T16:00:00Z;178.74;178.85;178.86;178.74;17530;
BBG000B9XRY4;2022-01-05T16:01:00Z;178.84;178.88;178.95;178.84;16759;
BBG000B9XRY4;2022-01-05T16:02:00Z;178.9;178.82;178.91;178.81;9598;
BBG000B9XRY4;2022-01-05T16:03:00Z;178.82;178.7;178.82;178.66;14629;
BBG000B9XRY4;2022-01-05T16:04:00Z;178.71;178.59;178.72;178.56;12356;
BBG000B9XRY4;2022-01-05T16:05:00Z;178.59;178.65;178.7;178.53;18024;
BBG000B9XRY4;2022-01-05T16:06:00Z;178.65;178.59;178.68;178.55;12139;
BBG000B9XRY4;2022-01-05T16:07:00Z;178.6;178.63;178.71;178.59;12443;
BBG000B9XRY4;2022-01-05T16:08:00Z;178.63;178.67;178.74;178.62;16678;
BBG000B9XRY4;2022-01-05T16:09:00Z;178.66;178.65;178.67;178.56;19464;
BBG000B9XRY4;2022-01-05T16:10:00Z;178.65;178.68;178.72;178.58;15259;
BBG000B9XRY4;2022-01-05T16:11:00Z;178.68;178.61;178.69;178.57;13320;
BBG000B9XRY4;2022-01-05T16:12:00Z;178.61;178.63;178.76;178.61;16817;
BBG000B9XRY4;2022-01-05T16:13:00Z;178.64;178.7;178.7;178.58;9935;
BBG000B9XRY4;2022-01-05T16:14:00Z;178.69;178.85;178.89;178.66;19339;
BBG000B9XRY4;2022-01-05T16:15:00Z;178.87;178.98;179;178.86;20896;
BBG000B9XRY4;2022-01-05T16:16:00Z;178.99;179.01;179.06;178.96;24072;
BBG000B9XRY4;2022-01-05T16:17:00Z;179;179.18;179.2;178.95;25748;
BBG000B9XRY4;2022-01-05T16:18:00Z;179.18;179.08;179.18;179.04;14188;
BBG000B9XRY4;2022-01-05T16:19:00Z;179.07;179.02;179.07;178.97;22460;
BBG000B9XRY4;2022-01-05T16:20:00Z;179.03;179.03;179.09;179;15136;
BBG000B9XRY4;2022-01-05T16:21:00Z;179.03;179.1;179.13;179;41365;
BBG000B9XRY4;2022-01-05T16:22:00Z;179.09;179.06;179.1;179.04;10264;
BBG000B9XRY4;2022-01-05T16:23:00Z;179.08;179.13;179.13;179.01;13388;
BBG000B9XRY4;2022-01-05T16:24:00Z;179.13;179.08;179.16;179.05;11324;
BBG000B9XRY4;2022-01-05T16:25:00Z;179.1;179.19;179.21;179.1;24580;
BBG000B9XRY4;2022-01-05T16:26:00Z;179.19;179.11;179.25;179.09;18994;
BBG000B9XRY4;2022-01-05T16:27:00Z;179.11;179.16;179.16;179.06;9223;
BBG000B9XRY4;2022-01-05T16:28:00Z;179.15;179.18;179.28;179.14;26904;
BBG000B9XRY4;2022-01-05T16:29:00Z;179.19;179.32;179.32;179.17;14280;
BBG000B9XRY4;2022-01-05T16:30:00Z;179.31;179.32;179.43;179.28;25908;
BBG000B9XRY4;2022-01-05T16:31:00Z;179.32;179.21;179.32;179.2;22342;
BBG000B9XRY4;2022-01-05T16:32:00Z;179.21;179.12;179.22;179.07;18835;
BBG000B9XRY4;2022-01-05T16:33:00Z;179.12;179.14;179.15;179.09;10065;
BBG000B9XRY4;2022-01-05T16:34:00Z;179.14;179.09;179.14;179.04;14414;
BBG000B9XRY4;2022-01-05T16:35:00Z;179.08;179.03;179.15;179.02;21533;
BBG000B9XRY4;2022-01-05T16:36:00Z;179.04;178.99;179.05;178.91;25066;
BBG000B9XRY4;2022-01-05T16:37:00Z;178.99;178.82;178.99;178.8;17225;
BBG000B9XRY4;2022-01-05T16:38:00Z;178.83;178.97;178.98;178.8;18018;
BBG000B9XRY4;2022-01-05T16:39:00Z;178.96;178.98;179.04;178.92;10063;
BBG000B9XRY4;2022-01-05T16:40:00Z;178.98;178.94;178.98;178.9;9240;
BBG000B9XRY4;2022-01-05T16:41:00Z;178.93;178.87;178.98;178.86;11730;
BBG000B9XRY4;2022-01-05T16:42:00Z;178.88;178.8;178.92;178.74;31836;
BBG000B9XRY4;2022-01-05T16:43:00Z;178.8;178.71;178.86;178.69;17108;
BBG000B9XRY4;2022-01-05T16:44:00Z;178.7;178.63;178.74;178.61;17858;
BBG000B9XRY4;2022-01-05T16:45:00Z;178.64;178.65;178.69;178.6;9373;
BBG000B9XRY4;2022-01-05T16:46:00Z;178.65;178.62;178.71;178.56;13229;
BBG000B9XRY4;2022-01-05T16:47:00Z;178.61;178.72;178.79;178.6;15513;
BBG000B9XRY4;2022-01-05T16:48:00Z;178.71;178.76;178.8;178.69;10025;
BBG000B9XRY4;2022-01-05T16:49:00Z;178.75;178.77;178.78;178.72;6947;
BBG000B9XRY4;2022-01-05T16:50:00Z;178.77;178.8;178.88;178.77;14887;
BBG000B9XRY4;2022-01-05T16:51:00Z;178.79;178.74;178.89;178.72;11751;
BBG000B9XRY4;2022-01-05T16:52:00Z;178.74;178.77;178.78;178.69;11670;
BBG000B9XRY4;2022-01-05T16:53:00Z;178.78;178.78;178.82;178.73;7913;
BBG000B9XRY4;2022-01-05T16:54:00Z;178.77;178.88;178.92;178.77;13126;
BBG000B9XRY4;2022-01-05T16:55:00Z;178.88;178.94;178.96;178.88;14584;
BBG000B9XRY4;2022-01-05T16:56:00Z;178.93;178.95;178.99;178.89;10687;
BBG000B9XRY4;2022-01-05T16:57:00Z;178.93;178.87;178.93;178.82;14991;
BBG000B9XRY4;2022-01-05T16:58:00Z;178.88;178.79;178.94;178.76;23558;
BBG000B9XRY4;2022-01-05T16:59:00Z;178.79;178.81;178.83;178.7;11192;
BBG000B9XRY4;2022-01-05T17:00:00Z;178.81;178.73;178.81;178.61;16976;
BBG000B9XRY4;2022-01-05T17:01:00Z;178.73;178.72;178.83;178.72;12242;
BBG000B9XRY4;2022-01-05T17:02:00Z;178.73;178.79;178.79;178.66;24203;
BBG000B9XRY4;2022-01-05T17:03:00Z;178.8;178.9;179;178.8;22489;
BBG000B9XRY4;2022-01-05T17:04:00Z;178.89;179.02;179.02;178.86;13629;
BBG000B9XRY4;2022-01-05T17:05:00Z;179.01;179.06;179.1;178.9;13587;
BBG000B9XRY4;2022-01-05T17:06:00Z;179.06;178.94;179.1;178.94;10574;
BBG000B9XRY4;2022-01-05T17:07:00Z;178.94;178.94;179.01;178.92;9165;
BBG000B9XRY4;2022-01-05T17:08:00Z;178.94;178.84;178.94;178.77;15908;
BBG000B9XRY4;2022-01-05T17:09:00Z;178.85;178.77;178.85;178.71;12545;
BBG000B9XRY4;2022-01-05T17:10:00Z;178.76;178.8;178.84;178.76;7462;
BBG000B9XRY4;2022-01-05T17:11:00Z;178.8;178.84;178.87;178.76;5856;
BBG000B9XRY4;2022-01-05T17:12:00Z;178.83;178.83;178.88;178.81;8545;
BBG000B9XRY4;2022-01-05T17:13:00Z;178.83;178.86;178.86;178.8;5883;
BBG000B9XRY4;2022-01-05T17:14:00Z;178.86;178.96;178.96;178.84;11735;
BBG000B9XRY4;2022-01-05T17:15:00Z;178.95;178.95;178.97;178.88;8701;
BBG000B9XRY4;2022-01-05T17:16:00Z;178.94;178.98;179;178.93;8324;
BBG000B9XRY4;2022-01-05T17:17:00Z;178.96;179.04;179.11;178.96;12591;
BBG000B9XRY4;2022-01-05T17:18:00Z;179.01;179.04;179.13;179.01;9165;
BBG000B9XRY4;2022-01-05T17:19:00Z;179.04;179.05;179.1;178.99;7856;
BBG000B9XRY4;2022-01-05T17:20:00Z;179.05;179;179.05;178.98;8650;
BBG000B9XRY4;2022-01-05T17:21:00Z;178.99;178.92;178.99;178.88;17813;
BBG000B9XRY4;2022-01-05T17:22:00Z;178.93;178.94;179.05;178.91;22806;
BBG000B9XRY4;2022-01-05T17:23:00Z;178.95;178.99;179.02;178.89;14142;
BBG000B9XRY4;2022-01-05T17:24:00Z;178.99;179.01;179.07;178.99;8556;
BBG000B9XRY4;2022-01-05T17:25:00Z;179;179.02;179.09;178.98;15029;
BBG000B9XRY4;2022-01-05T17:26:00Z;179.01;179.04;179.06;178.99;8781;
BBG000B9XRY4;2022-01-05T17:27:00Z;179.04;179.15;179.2;179.02;33275;
BBG000B9XRY4;2022-01-05T17:28:00Z;179.16;179.17;179.24;179.16;10030;
BBG000B9XRY4;2022-01-05T17:29:00Z;179.18;179.14;179.18;179.1;11890;
BBG000B9XRY4;2022-01-05T17:30:00Z;179.12;179;179.12;178.95;21714;
BBG000B9XRY4;2022-01-05T17:31:00Z;179;178.82;179;178.81;14115;
BBG000B9XRY4;2022-01-05T17:32:00Z;178.83;178.89;178.91;178.79;11804;
BBG000B9XRY4;2022-01-05T17:33:00Z;178.89;178.86;178.94;178.75;19003;
BBG000B9XRY4;2022-01-05T17:34:00Z;178.86;178.91;178.92;178.85;11277;
BBG000B9XRY4;2022-01-05T17:35:00Z;178.91;178.85;178.93;178.77;15440;
BBG000B9XRY4;2022-01-05T17:36:00Z;178.86;178.66;178.88;178.64;35449;
BBG000B9XRY4;2022-01-05T17:37:00Z;178.66;178.53;178.67;178.46;42760;
BBG000B9XRY4;2022-01-05T17:38:00Z;178.52;178.55;178.57;178.45;20431;
BBG000B9XRY4;2022-01-05T17:39:00Z;178.52;178.58;178.64;178.5;29592;
BBG000B9XRY4;2022-01-05T17:40:00Z;178.58;178.6;178.72;178.57;20178;
BBG000B9XRY4;2022-01-05T17:41:00Z;178.59;178.62;178.67;178.59;8261;
BBG000B9XRY4;2022-01-05T17:42:00Z;178.63;178.62;178.66;178.56;13755;
BBG000B9XRY4;2022-01-05T17:43:00Z;178.61;178.61;178.63;178.48;25122;
BBG000B9XRY4;2022-01-05T17:44:00Z;178.6;178.55;178.62;178.46;34824;
BBG000B9XRY4;2022-01-05T17:45:00Z;178.55;178.56;178.59;178.46;17863;
BBG000B9XRY4;2022-01-05T17:46:00Z;178.55;178.54;178.59;178.5;11559;
BBG000B9XRY4;2022-01-05T17:47:00Z;178.55;178.57;178.61;178.51;27531;
BBG000B9XRY4;2022-01-05T17:48:00Z;178.58;178.61;178.63;178.55;17025;
BBG000B9XRY4;2022-01-05T17:49:00Z;178.62;178.62;178.64;178.55;25028;
BBG000B9XRY4;2022-01-05T17:50:00Z;178.62;178.64;178.64;178.55;10662;
BBG000B9XRY4;2022-01-05T17:51:00Z;178.63;178.6;178.66;178.59;12231;
BBG000B9XRY4;2022-01-05T17:52:00Z;178.6;178.67;178.67;178.55;21013;
BBG000B9XRY4;2022-01-05T17:53:00Z;178.68;178.69;178.71;178.66;11743;
BBG000B9XRY4;2022-01-05T17:54:00Z;178.68;178.73;178.74;178.66;13378;
BBG000B9XRY4;2022-01-05T17:55:00Z;178.73;178.58;178.73;178.58;11689;
BBG000B9XRY4;2022-01-05T17:56:00Z;178.59;178.61;178.65;178.59;7770;
BBG000B9XRY4;2022-01-05T17:57:00Z;178.61;178.59;178.63;178.52;23508;
BBG000B9XRY4;2022-01-05T17:58:00Z;178.59;178.39;178.63;178.38;22833;
BBG000B9XRY4;2022-01-05T17:59:00Z;178.38;178.35;178.4;178.26;25542;
BBG000B9XRY4;2022-01-05T18:00:00Z;178.34;178.3;178.34;178.23;15789;
BBG000B9XRY4;2022-01-05T18:01:00Z;178.3;178.32;178.37;178.3;10882;
BBG000B9XRY4;2022-01-05T18:02:00Z;178.31;178.23;178.34;178.22;27331;
BBG000B9XRY4;2022-01-05T18:03:00Z;178.22;178.22;178.24;178.18;15572;
BBG000B9XRY4;2022-01-05T18:04:00Z;178.22;178.21;178.31;178.15;30450;
BBG000B9XRY4;2022-01-05T18:05:00Z;178.22;178.17;178.26;178.16;10616;
BBG000B9XRY4;2022-01-05T18:06:00Z;178.16;178.08;178.16;178.06;28877;
BBG000B9XRY4;2022-01-05T18:07:00Z;178.08;178.05;178.11;178.04;10771;
BBG000B9XRY4;2022-01-05T18:08:00Z;178.05;178.04;178.1;178.03;53102;
BBG000B9XRY4;2022-01-05T18:09:00Z;178.04;177.82;178.04;177.82;78655;
BBG000B9XRY4;2022-01-05T18:10:00Z;177.84;177.8;177.86;177.78;21932;
BBG000B9XRY4;2022-01-05T18:11:00Z;177.8;177.76;177.82;177.67;43764;
BBG000B9XRY4;2022-01-05T18:12:00Z;177.76;177.82;177.85;177.74;24023;
BBG000B9XRY4;2022-01-05T18:13:00Z;177.83;177.99;178.02;177.77;53652;
BBG000B9XRY4;2022-01-05T18:14:00Z;177.99;178.09;178.13;177.98;30031;
BBG000B9XRY4;2022-01-05T18:15:00Z;178.1;178.26;178.28;178.09;29926;
BBG000B9XRY4;2022-01-05T18:16:00Z;178.26;178.22;178.34;178.21;25602;
BBG000B9XRY4;2022-01-05T18:17:00Z;178.24;178.15;178.26;178.14;16596;
BBG000B9XRY4;2022-01-05T18:18:00Z;178.14;178.17;178.21;178.13;8608;
BBG000B9XRY4;2022-01-05T18:19:00Z;178.17;178.22;178.24;178.15;16948;
BBG000B9XRY4;2022-01-05T18:20:00Z;178.21;178.29;178.31;178.14;7054;
BBG000B9XRY4;2022-01-05T18:21:00Z;178.3;178.41;178.41;178.22;19442;
BBG000B9XRY4;2022-01-05T18:22:00Z;178.4;178.43;178.44;178.34;15814;
BBG000B9XRY4;2022-01-05T18:23:00Z;178.42;178.29;178.42;178.23;35102;
BBG000B9XRY4;2022-01-05T18:24:00Z;178.29;178.28;178.29;178.24;6701;
BBG000B9XRY4;2022-01-05T18:25:00Z;178.28;178.18;178.39;178.16;17205;
BBG000B9XRY4;2022-01-05T18:26:00Z;178.18;178.2;178.26;178.17;13035;
BBG000B9XRY4;2022-01-05T18:27:00Z;178.21;178.32;178.38;178.21;12138;
BBG000B9XRY4;2022-01-05T18:28:00Z;178.32;178.33;178.38;178.3;11654;
BBG000B9XRY4;2022-01-05T18:29:00Z;178.34;178.27;178.38;178.27;11744;
BBG000B9XRY4;2022-01-05T18:30:00Z;178.27;178.39;178.5;178.26;26573;
BBG000B9XRY4;2022-01-05T18:31:00Z;178.4;178.42;178.51;178.38;13881;
BBG000B9XRY4;2022-01-05T18:32:00Z;178.42;178.43;178.44;178.36;12732;
BBG000B9XRY4;2022-01-05T18:33:00Z;178.42;178.38;178.44;178.33;15187;
BBG000B9XRY4;2022-01-05T18:34:00Z;178.38;178.38;178.42;178.35;11952;
BBG000B9XRY4;2022-01-05T18:35:00Z;178.39;178.46;178.47;178.38;19398;
BBG000B9XRY4;2022-01-05T18:36:00Z;178.46;178.33;178.48;178.32;13224;
BBG000B9XRY4;2022-01-05T18:37:00Z;178.33;178.34;178.36;178.27;16082;
BBG000B9XRY4;2022-01-05T18:38:00Z;178.35;178.39;178.42;178.28;14686;
BBG000B9XRY4;2022-01-05T18:39:00Z;178.4;178.44;178.55;178.4;14455;
BBG000B9XRY4;2022-01-05T18:40:00Z;178.45;178.49;178.53;178.44;13424;
BBG000B9XRY4;2022-01-05T18:41:00Z;178.47;178.42;178.52;178.4;15384;
BBG000B9XRY4;2022-01-05T18:42:00Z;178.41;178.44;178.44;178.35;12475;
BBG000B9XRY4;2022-01-05T18:43:00Z;178.45;178.42;178.5;178.4;9231;
BBG000B9XRY4;2022-01-05T18:44:00Z;178.42;178.33;178.45;178.31;11165;
BBG000B9XRY4;2022-01-05T18:45:00Z;178.32;178.38;178.43;178.3;14609;
BBG000B9XRY4;2022-01-05T18:46:00Z;178.38;178.28;178.4;178.27;8263;
BBG000B9XRY4;2022-01-05T18:47:00Z;178.28;178.32;178.33;178.26;3969;
BBG000B9XRY4;2022-01-05T18:48:00Z;178.32;178.2;178.32;178.2;9896;
BBG000B9XRY4;2022-01-05T18:49:00Z;178.2;178.22;178.22;178.13;11936;
BBG000B9XRY4;2022-01-05T18:50:00Z;178.21;178.24;178.29;178.21;7168;
BBG000B9XRY4;2022-01-05T18:51:00Z;178.24;178.23;178.25;178.2;6782;
BBG000B9XRY4;2022-01-05T18:52:00Z;178.22;178.24;178.25;178.17;9591;
BBG000B9XRY4;2022-01-05T18:53:00Z;178.23;178.25;178.35;178.22;13161;
BBG000B9XRY4;2022-01-05T18:54:00Z;178.25;178.21;178.28;178.2;10737;
BBG000B9XRY4;2022-01-05T18:55:00Z;178.2;178.2;178.21;178.16;6677;
BBG000B9XRY4;2022-01-05T18:56:00Z;178.21;178.18;178.27;178.18;8686;
BBG000B9XRY4;2022-01-05T18:57:00Z;178.18;178.1;178.19;178.06;14194;
BBG000B9XRY4;2022-01-05T18:58:00Z;178.09;178.02;178.09;178.02;8645;
BBG000B9XRY4;2022-01-05T18:59:00Z;178.02;178.04;178.21;178;23221;
BBG000B9XRY4;2022-01-05T19:00:00Z;178.03;177.96;178.08;177.9;26079;
BBG000B9XRY4;2022-01-05T19:01:00Z;177.95;177.98;177.98;177.88;13584;
BBG000B9XRY4;2022-01-05T19:02:00Z;177.97;178.3;178.72;177.97;77498;
BBG000B9XRY4;2022-01-05T19:03:00Z;178.29;177.89;178.32;177.8;76870;
BBG000B9XRY4;2022-01-05T19:04:00Z;177.89;177.75;178.19;177.7;72240;
BBG000B9XRY4;2022-01-05T19:05:00Z;177.75;177.56;177.89;177.42;131140;
BBG000B9XRY4;2022-01-05T19:06:00Z;177.55;177.51;177.83;177.4;64308;
BBG000B9XRY4;2022-01-05T19:07:00Z;177.51;177.54;177.84;177.37;53231;
BBG000B9XRY4;2022-01-05T19:08:00Z;177.52;177.93;177.96;177.52;27562;
BBG000B9XRY4;2022-01-05T19:09:00Z;177.93;177.71;177.99;177.53;46043;
BBG000B9XRY4;2022-01-05T19:10:00Z;177.71;177.53;177.71;177.48;31410;
BBG000B9XRY4;2022-01-05T19:11:00Z;177.54;177.4;177.63;177.32;51661;
BBG000B9XRY4;2022-01-05T19:12:00Z;177.45;177.33;177.5;177.29;34853;
BBG000B9XRY4;2022-01-05T19:13:00Z;177.35;177.16;177.4;177.1;50770;
BBG000B9XRY4;2022-01-05T19:14:00Z;177.16;177.36;177.41;177.09;29254;
BBG000B9XRY4;2022-01-05T19:15:00Z;177.35;177.47;177.49;177.21;26415;
BBG000B9XRY4;2022-01-05T19:16:00Z;177.45;177.23;177.64;177.15;44337;
BBG000B9XRY4;2022-01-05T19:17:00Z;177.25;177.33;177.39;177.17;22813;
BBG000B9XRY4;2022-01-05T19:18:00Z;177.34;177.16;177.36;177.15;14831;
BBG000B9XRY4;2022-01-05T19:19:00Z;177.16;177.17;177.32;177.16;18071;
BBG000B9XRY4;2022-01-05T19:20:00Z;177.21;177.44;177.45;177.2;25494;
BBG000B9XRY4;2022-01-05T19:21:00Z;177.42;177.16;177.44;177.13;69573;
BBG000B9XRY4;2022-01-05T19:22:00Z;177.15;177.05;177.29;176.9;115943;
BBG000B9XRY4;2022-01-05T19:23:00Z;177.05;177.07;177.11;177.02;16521;
BBG000B9XRY4;2022-01-05T19:24:00Z;177.07;177.11;177.18;177.07;32531;
BBG000B9XRY4;2022-01-05T19:25:00Z;177.11;176.98;177.11;176.96;37909;
BBG000B9XRY4;2022-01-05T19:26:00Z;176.97;177.08;177.15;176.92;31539;
BBG000B9XRY4;2022-01-05T19:27:00Z;177.09;177.26;177.34;177.07;35862;
BBG000B9XRY4;2022-01-05T19:28:00Z;177.26;177.09;177.36;177;50016;
BBG000B9XRY4;2022-01-05T19:29:00Z;177.14;177.1;177.22;177.04;34397;
BBG000B9XRY4;2022-01-05T19:30:00Z;177.1;177.25;177.31;177.08;27721;
BBG000B9XRY4;2022-01-05T19:31:00Z;177.24;177.26;177.3;177.11;27019;
BBG000B9XRY4;2022-01-05T19:32:00Z;177.27;177.24;177.4;177.19;46400;
BBG000B9XRY4;2022-01-05T19:33:00Z;177.25;177.14;177.38;177.13;33096;
BBG000B9XRY4;2022-01-05T19:34:00Z;177.14;177.02;177.22;176.94;67269;
BBG000B9XRY4;2022-01-05T19:35:00Z;177;176.96;177.1;176.95;22479;
BBG000B9XRY4;2022-01-05T19:36:00Z;176.97;177.22;177.29;176.97;30039;
BBG000B9XRY4;2022-01-05T19:37:00Z;177.23;177.21;177.24;177.1;34139;
BBG000B9XRY4;2022-01-05T19:38:00Z;177.19;176.99;177.21;176.97;28065;
BBG000B9XRY4;2022-01-05T19:39:00Z;177;176.85;177;176.64;73699;
BBG000B9XRY4;2022-01-05T19:40:00Z;176.85;176.7;176.85;176.63;38230;
BBG000B9XRY4;2022-01-05T19:41:00Z;176.71;176.67;176.73;176.59;37852;
BBG000B9XRY4;2022-01-05T19:42:00Z;176.68;176.53;176.74;176.51;31341;
BBG000B9XRY4;2022-01-05T19:43:00Z;176.52;176.47;176.57;176.41;48719;
BBG000B9XRY4;2022-01-05T19:44:00Z;176.46;176.34;176.52;176.27;50938;
BBG000B9XRY4;2022-01-05T19:45:00Z;176.35;176.4;176.47;176.33;43054;
BBG000B9XRY4;2022-01-05T19:46:00Z;176.4;176.16;176.41;176.16;47940;
BBG000B9XRY4;2022-01-05T19:47:00Z;176.16;176.44;176.49;176.1;47357;
BBG000B9XRY4;2022-01-05T19:48:00Z;176.44;176.45;176.52;176.33;44601;
BBG000B9XRY4;2022-01-05T19:49:00Z;176.44;176.56;176.57;176.41;33124;
BBG000B9XRY4;2022-01-05T19:50:00Z;176.55;176.53;176.61;176.45;41471;
BBG000B9XRY4;2022-01-05T19:51:00Z;176.53;176.68;176.69;176.48;34332;
BBG000B9XRY4;2022-01-05T19:52:00Z;176.68;176.7;176.79;176.59;37158;
BBG000B9XRY4;2022-01-05T19:53:00Z;176.72;176.52;176.73;176.49;29039;
BBG000B9XRY4;2022-01-05T19:54:00Z;176.54;176.63;176.69;176.49;23435;
BBG000B9XRY4;2022-01-05T19:55:00Z;176.62;176.38;176.62;176.36;36332;
BBG000B9XRY4;2022-01-05T19:56:00Z;176.4;176.42;176.59;176.4;20831;
BBG000B9XRY4;2022-01-05T19:57:00Z;176.43;176.54;176.64;176.41;32304;
BBG000B9XRY4;2022-01-05T19:58:00Z;176.53;176.56;176.69;176.52;18025;
BBG000B9XRY4;2022-01-05T19:59:00Z;176.54;176.5;176.57;176.43;20301;
BBG000B9XRY4;2022-01-05T20:00:00Z;176.51;176.3;176.54;176.29;73578;
BBG000B9XRY4;2022-01-05T20:01:00Z;176.31;176.27;176.37;176.23;31783;
BBG000B9XRY4;2022-01-05T20:02:00Z;176.26;176.16;176.31;176.13;56641;
BBG000B9XRY4;2022-01-05T20:03:00Z;176.17;176.27;176.32;176.17;39907;
BBG000B9XRY4;2022-01-05T20:04:00Z;176.25;175.98;176.29;175.95;98588;
BBG000B9XRY4;2022-01-05T20:05:00Z;175.98;175.91;176.13;175.9;53771;
BBG000B9XRY4;2022-01-05T20:06:00Z;175.92;175.82;175.94;175.73;84979;
BBG000B9XRY4;2022-01-05T20:07:00Z;175.82;175.56;175.9;175.52;72811;
BBG000B9XRY4;2022-01-05T20:08:00Z;175.56;175.39;175.59;175.27;105724;
BBG000B9XRY4;2022-01-05T20:09:00Z;175.39;175.75;175.78;175.39;55488;
BBG000B9XRY4;2022-01-05T20:10:00Z;175.75;175.57;175.85;175.53;62577;
BBG000B9XRY4;2022-01-05T20:11:00Z;175.58;175.95;175.95;175.58;44974;
BBG000B9XRY4;2022-01-05T20:12:00Z;175.94;176.06;176.11;175.82;55882;
BBG000B9XRY4;2022-01-05T20:13:00Z;176.05;176.24;176.26;176.03;32483;
BBG000B9XRY4;2022-01-05T20:14:00Z;176.24;176.3;176.31;176.16;42578;
BBG000B9XRY4;2022-01-05T20:15:00Z;176.29;176.2;176.31;176.05;43587;
BBG000B9XRY4;2022-01-05T20:16:00Z;176.2;176.24;176.39;176.18;49856;
BBG000B9XRY4;2022-01-05T20:17:00Z;176.24;176.44;176.45;176.21;40832;
BBG000B9XRY4;2022-01-05T20:18:00Z;176.45;176.26;176.48;176.2;61284;
BBG000B9XRY4;2022-01-05T20:19:00Z;176.25;176.15;176.25;176.02;38245;
BBG000B9XRY4;2022-01-05T20:20:00Z;176.14;175.97;176.3;175.92;59794;
BBG000B9XRY4;2022-01-05T20:21:00Z;175.99;175.98;176.06;175.88;56891;
BBG000B9XRY4;2022-01-05T20:22:00Z;175.98;176.08;176.2;175.97;32807;
BBG000B9XRY4;2022-01-05T20:23:00Z;176.08;176.24;176.38;176.04;51495;
BBG000B9XRY4;2022-01-05T20:24:00Z;176.26;176.34;176.39;176.22;40683;
BBG000B9XRY4;2022-01-05T20:25:00Z;176.34;176.22;176.35;176.08;36199;
BBG000B9XRY4;2022-01-05T20:26:00Z;176.21;176.58;176.61;176.19;54658;
BBG000B9XRY4;2022-01-05T20:27:00Z;176.56;176.44;176.56;176.36;52651;
BBG000B9XRY4;2022-01-05T20:28:00Z;176.45;176.37;176.54;176.31;35553;
BBG000B9XRY4;2022-01-05T20:29:00Z;176.36;176.35;176.42;176.26;33188;
BBG000B9XRY4;2022-01-05T20:30:00Z;176.35;176.32;176.37;176.2;44295;
BBG000B9XRY4;2022-01-05T20:31:00Z;176.32;176.55;176.63;176.25;57931;
BBG000B9XRY4;2022-01-05T20:32:00Z;176.54;176.38;176.59;176.33;88248;
BBG000B9XRY4;2022-01-05T20:33:00Z;176.39;176.62;176.62;176.38;53396;
BBG000B9XRY4;2022-01-05T20:34:00Z;176.63;176.53;176.63;176.37;47988;
BBG000B9XRY4;2022-01-05T20:35:00Z;176.53;176.42;176.54;176.27;45761;
BBG000B9XRY4;2022-01-05T20:36:00Z;176.41;176.49;176.6;176.39;43037;
BBG000B9XRY4;2022-01-05T20:37:00Z;176.5;176.63;176.64;176.48;51520;
BBG000B9XRY4;2022-01-05T20:38:00Z;176.62;176.79;176.84;176.59;72756;
BBG000B9XRY4;2022-01-05T20:39:00Z;176.78;176.66;176.79;176.59;71542;
BBG000B9XRY4;2022-01-05T20:40:00Z;176.67;176.78;176.8;176.62;64478;
BBG000B9XRY4;2022-01-05T20:41:00Z;176.78;176.75;176.8;176.65;62216;
BBG000B9XRY4;2022-01-05T20:42:00Z;176.76;176.52;176.76;176.52;46959;
BBG000B9XRY4;2022-01-05T20:43:00Z;176.52;176.62;176.7;176.49;63089;
BBG000B9XRY4;2022-01-05T20:44:00Z;176.62;176.36;176.62;176.34;43489;
BBG000B9XRY4;2022-01-05T20:45:00Z;176.37;176.39;176.46;176.21;74867;
BBG000B9XRY4;2022-01-05T20:46:00Z;176.38;176.28;176.38;176.22;54967;
BBG000B9XRY4;2022-01-05T20:47:00Z;176.27;176.22;176.34;176.09;59339;
BBG000B9XRY4;2022-01-05T20:48:00Z;176.23;176.06;176.26;175.95;124254;
BBG000B9XRY4;2022-01-05T20:49:00Z;176.06;176.05;176.12;176;64950;
BBG000B9XRY4;2022-01-05T20:50:00Z;176.04;176.01;176.14;175.85;162095;
BBG000B9XRY4;2022-01-05T20:51:00Z;176.02;175.84;176.04;175.8;138090;
BBG000B9XRY4;2022-01-05T20:52:00Z;175.84;176.27;176.32;175.83;106215;
BBG000B9XRY4;2022-01-05T20:53:00Z;176.26;176.03;176.27;176.03;103291;
BBG000B9XRY4;2022-01-05T20:54:00Z;176.04;175.52;176.22;175.34;391461;
BBG000B9XRY4;2022-01-05T20:55:00Z;175.54;175.53;175.67;175.39;264402;
BBG000B9XRY4;2022-01-05T20:56:00Z;175.53;175.36;175.53;175.21;270193;
BBG000B9XRY4;2022-01-05T20:57:00Z;175.37;175.25;175.4;175.2;268338;
BBG000B9XRY4;2022-01-05T20:58:00Z;175.24;175.15;175.25;175.13;485435;
BBG000B9XRY4;2022-01-05T20:59:00Z;175.15;174.93;175.17;174.67;1710808;
BBG000B9XRY4;2022-01-05T21:00:00Z;174.93;175;175.2;174.2;7211574;
BBG000B9XRY4;2022-01-05T21:01:00Z;175;175;175.08;174.9;18075;
BBG000B9XRY4;2022-01-05T21:02:00Z;175.01;174.92;175.1;174.91;2900;
BBG000B9XRY4;2022-01-05T21:03:00Z;174.97;174.98;175;174.8;1536;
BBG000B9XRY4;2022-01-05T21:04:00Z;174.97;174.8;174.98;174.8;1036;
BBG000B9XRY4;2022-01-05T21:05:00Z;174.78;174.85;174.9;174.76;3339;
BBG000B9XRY4;2022-01-05T21:06:00Z;174.82;174.89;174.89;174.5;5344;
BBG000B9XRY4;2022-01-05T21:07:00Z;174.88;174.9;174.93;174.85;1053;
BBG000B9XRY4;2022-01-05T21:08:00Z;174.88;175.02;175.03;174.82;1608;
BBG000B9XRY4;2022-01-05T21:09:00Z;175.02;175.03;175.04;174.99;1557;
BBG000B9XRY4;2022-01-05T21:10:00Z;175.03;174.96;175.04;174.96;4382;
BBG000B9XRY4;2022-01-05T21:11:00Z;174.99;174.8;174.99;174.8;1161;
BBG000B9XRY4;2022-01-05T21:12:00Z;174.8;174.9;174.9;174.8;953;
BBG000B9XRY4;2022-01-05T21:13:00Z;174.86;174.85;174.92;174.83;2861;
BBG000B9XRY4;2022-01-05T21:14:00Z;174.95;175.01;175.03;174.9;721;
BBG000B9XRY4;2022-01-05T21:15:00Z;175.03;175.05;175.05;175;807;
BBG000B9XRY4;2022-01-05T21:16:00Z;175.05;175.1;175.1;175.05;166;
BBG000B9XRY4;2022-01-05T21:17:00Z;175.1;175.01;175.1;175.01;68;
BBG000B9XRY4;2022-01-05T21:18:00Z;175.08;175.1;175.12;175.01;5070;
BBG000B9XRY4;2022-01-05T21:19:00Z;175.1;175.09;175.1;175.07;360;
BBG000B9XRY4;2022-01-05T21:20:00Z;175.09;175.15;175.15;175.06;1161;
BBG000B9XRY4;2022-01-05T21:21:00Z;175.16;175.13;175.16;175.13;26;
BBG000B9XRY4;2022-01-05T21:22:00Z;175.13;175.15;175.19;175.11;1158;
BBG000B9XRY4;2022-01-05T21:23:00Z;175.11;175.1;175.14;175.08;392;
BBG000B9XRY4;2022-01-05T21:24:00Z;175.09;174.92;175.1;174.92;1346;
BBG000B9XRY4;2022-01-05T21:25:00Z;174.99;174.9;174.99;174.9;125;
BBG000B9XRY4;2022-01-05T21:26:00Z;174.9;174.83;174.9;174.83;188;
BBG000B9XRY4;2022-01-05T21:27:00Z;174.86;174.89;174.89;174.8;664;
BBG000B9XRY4;2022-01-05T21:28:00Z;174.89;174.88;174.9;174.88;1022;
BBG000B9XRY4;2022-01-05T21:29:00Z;174.81;174.86;174.88;174.81;66;
BBG000B9XRY4;2022-01-05T21:30:00Z;174.85;174.85;174.86;174.85;329;
BBG000B9XRY4;2022-01-05T21:31:00Z;174.85;174.86;174.86;174.81;242;
BBG000B9XRY4;2022-01-05T21:32:00Z;174.88;174.89;174.89;174.88;237;
BBG000B9XRY4;2022-01-05T21:33:00Z;174.88;174.87;174.89;174.87;33;
BBG000B9XRY4;2022-01-05T21:34:00Z;174.87;174.91;174.92;174.82;925;
BBG000B9XRY4;2022-01-05T21:35:00Z;174.91;174.81;174.92;174.81;282;
BBG000B9XRY4;2022-01-05T21:36:00Z;174.81;174.8;174.89;174.8;75;
BBG000B9XRY4;2022-01-05T21:37:00Z;174.89;174.78;174.89;174.75;553;
BBG000B9XRY4;2022-01-05T21:38:00Z;174.86;174.84;174.89;174.77;105;
BBG000B9XRY4;2022-01-05T21:39:00Z;174.86;174.8;174.86;174.76;55;
BBG000B9XRY4;2022-01-05T21:40:00Z;174.79;174.76;174.8;174.75;30;
BBG000B9XRY4;2022-01-05T21:41:00Z;174.89;174.7;174.89;174.7;515;
BBG000B9XRY4;2022-01-05T21:42:00Z;174.75;174.7;174.85;174.7;45;
BBG000B9XRY4;2022-01-05T21:43:00Z;174.8;174.68;174.8;174.67;104;
BBG000B9XRY4;2022-01-05T21:44:00Z;174.7;174.65;174.7;174.65;95;
BBG000B9XRY4;2022-01-05T21:45:00Z;174.7;174.65;174.73;174.63;604;
BBG000B9XRY4;2022-01-05T21:46:00Z;174.69;174.7;174.7;174.65;511;
BBG000B9XRY4;2022-01-05T21:47:00Z;174.7;174.66;174.7;174.66;136;
BBG000B9XRY4;2022-01-05T21:48:00Z;174.66;174.67;174.69;174.66;588;
BBG000B9XRY4;2022-01-05T21:49:00Z;174.67;174.6;174.68;174.6;1006;
BBG000B9XRY4;2022-01-05T21:50:00Z;174.62;174.57;174.65;174.49;929;
BBG000B9XRY4;2022-01-05T21:51:00Z;174.57;174.55;174.6;174.52;241;
BBG000B9XRY4;2022-01-05T21:52:00Z;174.55;174.56;174.58;174.53;406;
BBG000B9XRY4;2022-01-05T21:53:00Z;174.56;174.5;174.58;174.5;315;
BBG000B9XRY4;2022-01-05T21:54:00Z;174.52;174.46;174.52;174.46;286;
BBG000B9XRY4;2022-01-05T21:55:00Z;174.45;174.45;174.49;174.44;572;
BBG000B9XRY4;2022-01-05T21:56:00Z;174.45;174.49;174.5;174.44;466;
BBG000B9XRY4;2022-01-05T21:57:00Z;174.49;174.48;174.49;174.44;147;
BBG000B9XRY4;2022-01-05T21:58:00Z;174.45;174.48;174.48;174.45;153;
BBG000B9XRY4;2022-01-05T21:59:00Z;174.45;174.47;174.47;174.44;302;
BBG000B9XRY4;2022-01-05T22:00:00Z;174.45;174.48;174.48;174.45;48;
BBG000B9XRY4;2022-01-05T22:01:00Z;174.48;174.48;174.48;174.46;32;
BBG000B9XRY4;2022-01-05T22:02:00Z;174.45;174.46;174.48;174.43;278;
BBG000B9XRY4;2022-01-05T22:03:00Z;174.46;174.42;174.46;174.41;169;
BBG000B9XRY4;2022-01-05T22:04:00Z;174.44;174.45;174.49;174.4;884;
BBG000B9XRY4;2022-01-05T22:05:00Z;174.45;174.44;174.46;174.42;40;
BBG000B9XRY4;2022-01-05T22:06:00Z;174.5;174.7;174.7;174.5;196;
BBG000B9XRY4;2022-01-05T22:07:00Z;174.7;174.7;174.75;174.68;211;
BBG000B9XRY4;2022-01-05T22:08:00Z;174.64;174.69;174.69;174.53;57;
BBG000B9XRY4;2022-01-05T22:09:00Z;174.66;174.66;174.66;174.65;21;
BBG000B9XRY4;2022-01-05T22:10:00Z;174.6;174.61;174.67;174.6;11;
BBG000B9XRY4;2022-01-05T22:11:00Z;174.65;174.66;174.66;174.6;100;
BBG000B9XRY4;2022-01-05T22:12:00Z;174.61;174.66;174.66;174.6;25;
BBG000B9XRY4;2022-01-05T22:13:00Z;174.64;174.61;174.65;174.61;130;
BBG000B9XRY4;2022-01-05T22:14:00Z;174.63;174.6;174.63;174.6;58;
BBG000B9XRY4;2022-01-05T22:15:00Z;174.58;174.6;174.6;174.58;80;
BBG000B9XRY4;2022-01-05T22:16:00Z;174.62;174.63;174.63;174.62;120;
BBG000B9XRY4;2022-01-05T22:17:00Z;174.64;174.61;174.64;174.6;8;
BBG000B9XRY4;2022-01-05T22:18:00Z;174.64;174.65;174.68;174.63;30;
BBG000B9XRY4;2022-01-05T22:19:00Z;174.7;174.7;174.7;174.65;32;
BBG000B9XRY4;2022-01-05T22:20:00Z;174.79;174.74;174.79;174.74;217;
BBG000B9XRY4;2022-01-05T22:21:00Z;174.79;174.73;174.8;174.7;802;
BBG000B9XRY4;2022-01-05T22:22:00Z;174.77;174.73;174.77;174.73;121;
BBG000B9XRY4;2022-01-05T22:23:00Z;174.73;174.75;174.75;174.73;163;
BBG000B9XRY4;2022-01-05T22:24:00Z;174.72;174.72;174.72;174.7;21;
BBG000B9XRY4;2022-01-05T22:25:00Z;174.72;174.74;174.74;174.71;225;
BBG000B9XRY4;2022-01-05T22:26:00Z;174.72;174.7;174.75;174.7;636;
BBG000B9XRY4;2022-01-05T22:27:00Z;174.72;174.7;174.72;174.7;254;
BBG000B9XRY4;2022-01-05T22:28:00Z;174.71;174.7;174.71;174.7;46;
BBG000B9XRY4;2022-01-05T22:29:00Z;174.71;174.7;174.71;174.7;253;
BBG000B9XRY4;2022-01-05T22:30:00Z;174.71;174.7;174.71;174.64;25;
BBG000B9XRY4;2022-01-05T22:31:00Z;174.7;174.7;174.71;174.7;112;
BBG000B9XRY4;2022-01-05T22:32:00Z;174.7;174.7;174.72;174.66;451;
BBG000B9XRY4;2022-01-05T22:33:00Z;174.68;174.64;174.7;174.64;161;
BBG000B9XRY4;2022-01-05T22:34:00Z;174.64;174.65;174.66;174.64;239;
BBG000B9XRY4;2022-01-05T22:35:00Z;174.66;174.66;174.66;174.64;247;
BBG000B9XRY4;2022-01-05T22:36:00Z;174.66;174.62;174.66;174.62;181;
BBG000B9XRY4;2022-01-05T22:37:00Z;174.62;174.63;174.64;174.2;162;
BBG000B9XRY4;2022-01-05T22:38:00Z;174.6;174.63;174.63;174.6;157;
BBG000B9XRY4;2022-01-05T22:39:00Z;174.62;174.61;174.62;174.61;58;
BBG000B9XRY4;2022-01-05T22:40:00Z;174.62;174.61;174.65;174.6;141;
BBG000B9XRY4;2022-01-05T22:41:00Z;174.64;174.61;174.64;174.6;49;
BBG000B9XRY4;2022-01-05T22:42:00Z;174.63;174.6;174.65;174.6;74;
BBG000B9XRY4;2022-01-05T22:43:00Z;174.62;174.61;174.65;174.61;14;
BBG000B9XRY4;2022-01-05T22:44:00Z;174.61;174.61;174.64;174.61;49;
